   287.500000       1.39999998    
          46          46
   1.25000000       20.0000000    
   1.25000000       20.0000000    
           1           2
          15         100          25
   IIN     XIN       REL SPACING 
    1       0.00000   0.25000
    2       0.02500   0.30000
    3       0.05000   0.40000
    4       0.10000   0.50000
    5       0.20000   0.75000
    6       0.35000   1.00000
    7       0.50000   1.00000
    8       0.60000   0.80000
    9       0.70000   0.70000
   10       0.80000   0.60000
   11       0.90000   0.50000
   12       1.00100   0.40000

 INTERPOLATED POSITIONS OF THE GRID POINTS ON THE BLADE
 AND THE RELATIVE SPACING OF THE POINTS 

    1       0.00000   0.25000
    2       0.01010   0.26018
    3       0.02020   0.28460
    4       0.03030   0.31914
    5       0.04040   0.35969
    6       0.05051   0.40157
    7       0.06061   0.42980
    8       0.07071   0.45284
    9       0.08081   0.47173
   10       0.09091   0.48753
   11       0.10101   0.50231
   12       0.11111   0.52583
   13       0.12121   0.55010
   14       0.13131   0.57500
   15       0.14141   0.60038
   16       0.15152   0.62610
   17       0.16162   0.65202
   18       0.17172   0.67802
   19       0.18182   0.70394
   20       0.19192   0.72966
   21       0.20202   0.75453
   22       0.21212   0.77681
   23       0.22222   0.79843
   24       0.23232   0.81935
   25       0.24242   0.83953
   26       0.25253   0.85895
   27       0.26263   0.87756
   28       0.27273   0.89534
   29       0.28283   0.91224
   30       0.29293   0.92825
   31       0.30303   0.94331
   32       0.31313   0.95739
   33       0.32323   0.97047
   34       0.33333   0.98251
   35       0.34343   0.99347
   36       0.35354   1.00336
   37       0.36364   1.01219
   38       0.37374   1.01983
   39       0.38384   1.02625
   40       0.39394   1.03141
   41       0.40404   1.03528
   42       0.41414   1.03780
   43       0.42424   1.03895
   44       0.43434   1.03870
   45       0.44444   1.03699
   46       0.45455   1.03379
   47       0.46465   1.02907
   48       0.47475   1.02279
   49       0.48485   1.01491
   50       0.49495   1.00539
   51       0.50505   0.99097
   52       0.51515   0.97210
   53       0.52525   0.95231
   54       0.53535   0.93184
   55       0.54545   0.91093
   56       0.55556   0.88979
   57       0.56566   0.86866
   58       0.57576   0.84778
   59       0.58586   0.82736
   60       0.59596   0.80764
   61       0.60606   0.79210
   62       0.61616   0.77969
   63       0.62626   0.76813
   64       0.63636   0.75733
   65       0.64646   0.74717
   66       0.65657   0.73756
   67       0.66667   0.72839
   68       0.67677   0.71957
   69       0.68687   0.71098
   70       0.69697   0.70253
   71       0.70707   0.69293
   72       0.71717   0.68283
   73       0.72727   0.67273
   74       0.73737   0.66263
   75       0.74747   0.65253
   76       0.75758   0.64242
   77       0.76768   0.63232
   78       0.77778   0.62222
   79       0.78788   0.61212
   80       0.79798   0.60202
   81       0.80808   0.59191
   82       0.81818   0.58179
   83       0.82828   0.57167
   84       0.83838   0.56156
   85       0.84848   0.55145
   86       0.85859   0.54135
   87       0.86869   0.53125
   88       0.87879   0.52116
   89       0.88889   0.51108
   90       0.89899   0.50101
   91       0.90909   0.49094
   92       0.91919   0.48089
   93       0.92929   0.47085
   94       0.93939   0.46082
   95       0.94949   0.45081
   96       0.95960   0.44081
   97       0.96970   0.43082
   98       0.97980   0.42086
   99       0.98990   0.41091
  100       1.00000   0.40098

  BLADE TRUE CHORD:AXIAL CHORD RATIO =    1.22233856    


    TKLE      TKTE      TKMAX     XTMAX     XMODLE     XMODTE    TK_TYP 
    0.0500    0.0200    0.3000    0.4000    0.0500    0.0100    2.0000


 FCHORD=    0.00000000      FPERP=    0.00000000     FTKSCALE=    1.00000000    


  CENTRELINE COORDINATES AND THICKNESS FOR INTYPE = 1

    XIN        YIN       TKIN 
   0.00000   0.00000   0.05000
   0.00003   0.00002   0.05037
   0.00011   0.00009   0.05106
   0.00025   0.00021   0.05195
   0.00044   0.00037   0.05301
   0.00069   0.00058   0.05422
   0.00099   0.00083   0.05555
   0.00135   0.00113   0.05699
   0.00177   0.00148   0.05854
   0.00223   0.00187   0.06018
   0.00276   0.00230   0.06192
   0.00334   0.00279   0.06373
   0.00397   0.00331   0.06563
   0.00466   0.00388   0.06759
   0.00540   0.00449   0.06963
   0.00620   0.00515   0.07173
   0.00705   0.00585   0.07390
   0.00796   0.00660   0.07612
   0.00892   0.00738   0.07839
   0.00993   0.00821   0.08072
   0.01100   0.00908   0.08310
   0.01212   0.00999   0.08552
   0.01330   0.01094   0.08799
   0.01453   0.01192   0.09050
   0.01581   0.01295   0.09305
   0.01715   0.01402   0.09563
   0.01854   0.01512   0.09825
   0.01999   0.01626   0.10090
   0.02148   0.01744   0.10358
   0.02303   0.01865   0.10629
   0.02463   0.01990   0.10902
   0.02629   0.02118   0.11178
   0.02800   0.02249   0.11456
   0.02976   0.02384   0.11736
   0.03157   0.02522   0.12018
   0.03343   0.02662   0.12302
   0.03534   0.02806   0.12587
   0.03731   0.02952   0.12874
   0.03933   0.03102   0.13161
   0.04139   0.03253   0.13450
   0.04351   0.03408   0.13740
   0.04568   0.03564   0.14030
   0.04790   0.03724   0.14321
   0.05017   0.03885   0.14613
   0.05249   0.04048   0.14905
   0.05486   0.04214   0.15196
   0.05727   0.04381   0.15488
   0.05974   0.04550   0.15780
   0.06225   0.04720   0.16071
   0.06481   0.04892   0.16362
   0.06743   0.05066   0.16653
   0.07008   0.05240   0.16943
   0.07279   0.05416   0.17232
   0.07554   0.05593   0.17520
   0.07834   0.05770   0.17807
   0.08119   0.05948   0.18093
   0.08408   0.06127   0.18377
   0.08702   0.06306   0.18660
   0.09001   0.06486   0.18942
   0.09304   0.06665   0.19222
   0.09611   0.06845   0.19500
   0.09923   0.07024   0.19777
   0.10239   0.07204   0.20051
   0.10560   0.07382   0.20323
   0.10885   0.07560   0.20594
   0.11214   0.07738   0.20861
   0.11548   0.07915   0.21127
   0.11886   0.08090   0.21390
   0.12228   0.08265   0.21651
   0.12574   0.08438   0.21908
   0.12925   0.08609   0.22163
   0.13279   0.08779   0.22416
   0.13638   0.08948   0.22665
   0.14001   0.09114   0.22911
   0.14367   0.09278   0.23154
   0.14738   0.09440   0.23394
   0.15112   0.09600   0.23631
   0.15490   0.09758   0.23865
   0.15872   0.09912   0.24094
   0.16258   0.10064   0.24321
   0.16648   0.10213   0.24544
   0.17041   0.10359   0.24763
   0.17438   0.10502   0.24978
   0.17838   0.10641   0.25190
   0.18242   0.10777   0.25398
   0.18650   0.10909   0.25602
   0.19061   0.11038   0.25802
   0.19475   0.11162   0.25997
   0.19893   0.11283   0.26189
   0.20314   0.11400   0.26377
   0.20738   0.11512   0.26560
   0.21166   0.11620   0.26739
   0.21597   0.11724   0.26914
   0.22031   0.11823   0.27084
   0.22468   0.11918   0.27250
   0.22908   0.12008   0.27412
   0.23351   0.12093   0.27568
   0.23797   0.12174   0.27721
   0.24246   0.12249   0.27869
   0.24697   0.12319   0.28012
   0.25152   0.12384   0.28150
   0.25609   0.12443   0.28284
   0.26069   0.12497   0.28413
   0.26532   0.12546   0.28537
   0.26997   0.12588   0.28656
   0.27464   0.12625   0.28770
   0.27935   0.12657   0.28880
   0.28407   0.12682   0.28985
   0.28882   0.12701   0.29084
   0.29360   0.12714   0.29179
   0.29839   0.12721   0.29269
   0.30321   0.12722   0.29354
   0.30805   0.12717   0.29434
   0.31291   0.12705   0.29508
   0.31780   0.12687   0.29578
   0.32270   0.12662   0.29643
   0.32762   0.12632   0.29703
   0.33256   0.12594   0.29757
   0.33752   0.12550   0.29807
   0.34250   0.12499   0.29851
   0.34749   0.12441   0.29890
   0.35250   0.12377   0.29925
   0.35753   0.12305   0.29954
   0.36257   0.12226   0.29978
   0.36763   0.12140   0.29997
   0.37271   0.12047   0.30011
   0.37779   0.11946   0.30020
   0.38289   0.11838   0.30024
   0.38801   0.11722   0.30022
   0.39313   0.11599   0.30016
   0.39827   0.11467   0.30005
   0.40342   0.11328   0.29989
   0.40858   0.11180   0.29967
   0.41375   0.11024   0.29941
   0.41893   0.10860   0.29910
   0.42412   0.10687   0.29874
   0.42932   0.10505   0.29833
   0.43452   0.10314   0.29787
   0.43973   0.10115   0.29736
   0.44495   0.09906   0.29681
   0.45017   0.09689   0.29620
   0.45540   0.09462   0.29555
   0.46064   0.09226   0.29485
   0.46588   0.08980   0.29411
   0.47112   0.08725   0.29332
   0.47637   0.08461   0.29248
   0.48162   0.08187   0.29159
   0.48687   0.07903   0.29066
   0.49212   0.07609   0.28969
   0.49737   0.07305   0.28867
   0.50263   0.06992   0.28760
   0.50788   0.06668   0.28650
   0.51313   0.06333   0.28534
   0.51838   0.05988   0.28415
   0.52363   0.05633   0.28291
   0.52888   0.05267   0.28163
   0.53412   0.04890   0.28031
   0.53936   0.04503   0.27895
   0.54460   0.04105   0.27755
   0.54983   0.03697   0.27611
   0.55505   0.03278   0.27463
   0.56027   0.02848   0.27311
   0.56548   0.02408   0.27155
   0.57068   0.01958   0.26996
   0.57588   0.01497   0.26832
   0.58107   0.01026   0.26665
   0.58625   0.00545   0.26495
   0.59142   0.00053   0.26321
   0.59658  -0.00449   0.26144
   0.60173  -0.00960   0.25963
   0.60687  -0.01481   0.25779
   0.61199  -0.02012   0.25591
   0.61711  -0.02552   0.25401
   0.62221  -0.03102   0.25207
   0.62729  -0.03660   0.25011
   0.63237  -0.04228   0.24811
   0.63743  -0.04804   0.24608
   0.64247  -0.05389   0.24403
   0.64750  -0.05983   0.24195
   0.65251  -0.06585   0.23984
   0.65750  -0.07194   0.23770
   0.66248  -0.07812   0.23554
   0.66744  -0.08438   0.23336
   0.67238  -0.09071   0.23115
   0.67730  -0.09712   0.22892
   0.68220  -0.10360   0.22667
   0.68709  -0.11015   0.22439
   0.69195  -0.11676   0.22209
   0.69679  -0.12344   0.21978
   0.70161  -0.13019   0.21744
   0.70640  -0.13699   0.21509
   0.71118  -0.14386   0.21272
   0.71593  -0.15078   0.21033
   0.72065  -0.15775   0.20792
   0.72536  -0.16478   0.20550
   0.73003  -0.17186   0.20307
   0.73468  -0.17898   0.20062
   0.73931  -0.18615   0.19816
   0.74391  -0.19335   0.19569
   0.74848  -0.20060   0.19320
   0.75303  -0.20789   0.19071
   0.75754  -0.21520   0.18821
   0.76203  -0.22255   0.18570
   0.76649  -0.22993   0.18318
   0.77092  -0.23733   0.18065
   0.77532  -0.24476   0.17812
   0.77969  -0.25221   0.17558
   0.78403  -0.25967   0.17304
   0.78834  -0.26715   0.17049
   0.79262  -0.27464   0.16795
   0.79686  -0.28213   0.16540
   0.80107  -0.28964   0.16285
   0.80525  -0.29715   0.16029
   0.80939  -0.30466   0.15774
   0.81350  -0.31218   0.15519
   0.81758  -0.31969   0.15265
   0.82162  -0.32719   0.15010
   0.82562  -0.33468   0.14756
   0.82959  -0.34217   0.14503
   0.83352  -0.34964   0.14250
   0.83742  -0.35709   0.13998
   0.84128  -0.36452   0.13746
   0.84510  -0.37193   0.13495
   0.84888  -0.37931   0.13245
   0.85262  -0.38666   0.12997
   0.85633  -0.39398   0.12749
   0.85999  -0.40126   0.12502
   0.86362  -0.40851   0.12257
   0.86721  -0.41572   0.12012
   0.87075  -0.42288   0.11769
   0.87426  -0.43000   0.11528
   0.87772  -0.43707   0.11288
   0.88114  -0.44408   0.11050
   0.88452  -0.45105   0.10813
   0.88786  -0.45795   0.10578
   0.89115  -0.46480   0.10345
   0.89440  -0.47159   0.10114
   0.89761  -0.47831   0.09885
   0.90077  -0.48496   0.09658
   0.90389  -0.49155   0.09433
   0.90696  -0.49807   0.09210
   0.90999  -0.50451   0.08990
   0.91298  -0.51088   0.08772
   0.91592  -0.51717   0.08556
   0.91881  -0.52337   0.08343
   0.92166  -0.52950   0.08132
   0.92446  -0.53555   0.07924
   0.92721  -0.54150   0.07718
   0.92992  -0.54738   0.07515
   0.93257  -0.55316   0.07316
   0.93519  -0.55885   0.07118
   0.93775  -0.56444   0.06924
   0.94026  -0.56995   0.06733
   0.94273  -0.57535   0.06545
   0.94514  -0.58066   0.06360
   0.94751  -0.58587   0.06178
   0.94983  -0.59098   0.06000
   0.95210  -0.59599   0.05824
   0.95432  -0.60089   0.05653
   0.95649  -0.60569   0.05484
   0.95861  -0.61039   0.05319
   0.96067  -0.61498   0.05157
   0.96269  -0.61946   0.04999
   0.96466  -0.62383   0.04845
   0.96657  -0.62809   0.04694
   0.96843  -0.63224   0.04547
   0.97024  -0.63627   0.04403
   0.97200  -0.64020   0.04264
   0.97371  -0.64401   0.04128
   0.97537  -0.64771   0.03996
   0.97697  -0.65129   0.03868
   0.97852  -0.65475   0.03744
   0.98001  -0.65810   0.03624
   0.98146  -0.66134   0.03508
   0.98285  -0.66445   0.03396
   0.98419  -0.66745   0.03288
   0.98547  -0.67032   0.03185
   0.98670  -0.67308   0.03085
   0.98788  -0.67572   0.02990
   0.98900  -0.67824   0.02899
   0.99007  -0.68064   0.02812
   0.99108  -0.68291   0.02730
   0.99204  -0.68507   0.02651
   0.99295  -0.68710   0.02577
   0.99380  -0.68902   0.02508
   0.99460  -0.69081   0.02443
   0.99534  -0.69247   0.02382
   0.99603  -0.69402   0.02326
   0.99666  -0.69544   0.02274
   0.99724  -0.69674   0.02226
   0.99777  -0.69791   0.02184
   0.99823  -0.69897   0.02145
   0.99865  -0.69989   0.02111
   0.99901  -0.70070   0.02082
   0.99931  -0.70138   0.02057
   0.99956  -0.70194   0.02036
   0.99975  -0.70237   0.02020
   0.99989  -0.70268   0.02009
   0.99997  -0.70287   0.02002
   1.00000  -0.70293   0.02000

  BLADE SURFACE COORDINATES GENERATED USING INTYPE = 1

  XUP          YUP       XLOW      YLOW 
   0.00001   0.02500  -0.00001  -0.02500
   0.00004   0.02521   0.00002  -0.02516
   0.00012   0.02562   0.00010  -0.02544
   0.00026   0.02619   0.00024  -0.02577
   0.00045   0.02688   0.00043  -0.02614
   0.00070   0.02769   0.00068  -0.02653
   0.00100   0.02861   0.00098  -0.02694
   0.00136   0.02963   0.00134  -0.02736
   0.00178   0.03075   0.00176  -0.02779
   0.00224   0.03196   0.00222  -0.02822
   0.00277   0.03326   0.00275  -0.02865
   0.00335   0.03465   0.00333  -0.02908
   0.00398   0.03612   0.00396  -0.02950
   0.00467   0.03768   0.00465  -0.02992
   0.00541   0.03931   0.00539  -0.03032
   0.00621   0.04102   0.00619  -0.03072
   0.00706   0.04280   0.00704  -0.03110
   0.00797   0.04465   0.00795  -0.03146
   0.00893   0.04658   0.00891  -0.03182
   0.00994   0.04857   0.00992  -0.03215
   0.01101   0.05063   0.01099  -0.03247
   0.01213   0.05275   0.01211  -0.03278
   0.01331   0.05493   0.01329  -0.03306
   0.01454   0.05717   0.01452  -0.03332
   0.01582   0.05948   0.01580  -0.03357
   0.01716   0.06183   0.01714  -0.03380
   0.01855   0.06425   0.01853  -0.03400
   0.02000   0.06671   0.01998  -0.03419
   0.02149   0.06923   0.02147  -0.03435
   0.02304   0.07180   0.02302  -0.03449
   0.02464   0.07441   0.02462  -0.03461
   0.02630   0.07707   0.02628  -0.03471
   0.02801   0.07977   0.02799  -0.03479
   0.02977   0.08252   0.02975  -0.03484
   0.03158   0.08531   0.03156  -0.03488
   0.03344   0.08813   0.03342  -0.03489
   0.03535   0.09099   0.03533  -0.03488
   0.03732   0.09389   0.03730  -0.03485
   0.03934   0.09682   0.03932  -0.03479
   0.04140   0.09978   0.04138  -0.03472
   0.04352   0.10278   0.04350  -0.03462
   0.04569   0.10580   0.04567  -0.03451
   0.04791   0.10884   0.04789  -0.03437
   0.05018   0.11191   0.05016  -0.03422
   0.05250   0.11500   0.05248  -0.03404
   0.05487   0.11812   0.05485  -0.03385
   0.05728   0.12125   0.05726  -0.03363
   0.05975   0.12440   0.05973  -0.03340
   0.06226   0.12756   0.06224  -0.03316
   0.06482   0.13073   0.06480  -0.03289
   0.06744   0.13392   0.06742  -0.03261
   0.07009   0.13711   0.07007  -0.03231
   0.07280   0.14032   0.07278  -0.03200
   0.07555   0.14352   0.07553  -0.03167
   0.07835   0.14673   0.07833  -0.03133
   0.08120   0.14995   0.08118  -0.03098
   0.08409   0.15316   0.08407  -0.03062
   0.08703   0.15636   0.08701  -0.03024
   0.09002   0.15957   0.09000  -0.02985
   0.09305   0.16276   0.09303  -0.02946
   0.09612   0.16595   0.09610  -0.02905
   0.09924   0.16913   0.09922  -0.02864
   0.10240   0.17229   0.10238  -0.02822
   0.10561   0.17544   0.10559  -0.02779
   0.10886   0.17857   0.10884  -0.02736
   0.11215   0.18169   0.11213  -0.02693
   0.11549   0.18478   0.11547  -0.02649
   0.11887   0.18785   0.11885  -0.02605
   0.12229   0.19090   0.12227  -0.02561
   0.12575   0.19392   0.12573  -0.02517
   0.12926   0.19691   0.12924  -0.02472
   0.13280   0.19987   0.13278  -0.02428
   0.13639   0.20280   0.13637  -0.02385
   0.14002   0.20570   0.14000  -0.02342
   0.14368   0.20856   0.14366  -0.02299
   0.14739   0.21138   0.14737  -0.02257
   0.15113   0.21416   0.15111  -0.02215
   0.15491   0.21690   0.15489  -0.02175
   0.15873   0.21959   0.15871  -0.02135
   0.16259   0.22225   0.16257  -0.02096
   0.16649   0.22485   0.16647  -0.02059
   0.17042   0.22740   0.17040  -0.02022
   0.17439   0.22991   0.17437  -0.01987
   0.17839   0.23236   0.17837  -0.01954
   0.18243   0.23476   0.18241  -0.01922
   0.18651   0.23710   0.18649  -0.01892
   0.19062   0.23939   0.19060  -0.01863
   0.19476   0.24161   0.19474  -0.01836
   0.19894   0.24378   0.19892  -0.01812
   0.20315   0.24588   0.20313  -0.01789
   0.20739   0.24792   0.20737  -0.01768
   0.21167   0.24990   0.21165  -0.01749
   0.21598   0.25181   0.21596  -0.01733
   0.22032   0.25365   0.22030  -0.01719
   0.22469   0.25543   0.22467  -0.01707
   0.22909   0.25714   0.22907  -0.01698
   0.23352   0.25878   0.23350  -0.01691
   0.23798   0.26034   0.23796  -0.01687
   0.24247   0.26183   0.24245  -0.01686
   0.24698   0.26325   0.24696  -0.01687
   0.25153   0.26459   0.25151  -0.01691
   0.25610   0.26585   0.25608  -0.01699
   0.26070   0.26703   0.26068  -0.01709
   0.26533   0.26814   0.26531  -0.01723
   0.26998   0.26916   0.26996  -0.01740
   0.27465   0.27011   0.27463  -0.01760
   0.27936   0.27097   0.27934  -0.01783
   0.28408   0.27174   0.28406  -0.01810
   0.28883   0.27243   0.28881  -0.01841
   0.29361   0.27304   0.29359  -0.01875
   0.29840   0.27356   0.29838  -0.01913
   0.30322   0.27399   0.30320  -0.01955
   0.30806   0.27433   0.30804  -0.02000
   0.31292   0.27459   0.31290  -0.02049
   0.31781   0.27476   0.31779  -0.02102
   0.32271   0.27484   0.32269  -0.02159
   0.32763   0.27483   0.32761  -0.02220
   0.33257   0.27473   0.33255  -0.02284
   0.33753   0.27453   0.33751  -0.02353
   0.34251   0.27425   0.34249  -0.02426
   0.34750   0.27387   0.34748  -0.02504
   0.35251   0.27339   0.35249  -0.02586
   0.35754   0.27282   0.35752  -0.02672
   0.36258   0.27215   0.36256  -0.02763
   0.36764   0.27139   0.36762  -0.02858
   0.37272   0.27052   0.37270  -0.02958
   0.37780   0.26956   0.37778  -0.03064
   0.38290   0.26850   0.38288  -0.03174
   0.38802   0.26733   0.38800  -0.03289
   0.39314   0.26607   0.39312  -0.03409
   0.39828   0.26470   0.39826  -0.03535
   0.40343   0.26322   0.40341  -0.03666
   0.40859   0.26164   0.40857  -0.03803
   0.41376   0.25995   0.41374  -0.03946
   0.41894   0.25815   0.41892  -0.04095
   0.42413   0.25624   0.42411  -0.04250
   0.42933   0.25421   0.42931  -0.04411
   0.43453   0.25208   0.43451  -0.04579
   0.43974   0.24983   0.43972  -0.04753
   0.44496   0.24747   0.44494  -0.04934
   0.45018   0.24499   0.45016  -0.05121
   0.45541   0.24240   0.45539  -0.05316
   0.46065   0.23969   0.46063  -0.05517
   0.46589   0.23686   0.46587  -0.05725
   0.47113   0.23391   0.47111  -0.05940
   0.47638   0.23085   0.47636  -0.06163
   0.48163   0.22766   0.48161  -0.06393
   0.48688   0.22436   0.48686  -0.06630
   0.49213   0.22093   0.49211  -0.06875
   0.49738   0.21739   0.49736  -0.07128
   0.50264   0.21372   0.50262  -0.07388
   0.50789   0.20993   0.50787  -0.07657
   0.51314   0.20601   0.51312  -0.07934
   0.51839   0.20196   0.51837  -0.08219
   0.52364   0.19779   0.52362  -0.08513
   0.52889   0.19349   0.52887  -0.08815
   0.53413   0.18906   0.53411  -0.09125
   0.53937   0.18451   0.53935  -0.09444
   0.54461   0.17983   0.54459  -0.09772
   0.54984   0.17502   0.54982  -0.10108
   0.55506   0.17009   0.55504  -0.10453
   0.56028   0.16504   0.56026  -0.10807
   0.56549   0.15986   0.56547  -0.11169
   0.57069   0.15456   0.57067  -0.11540
   0.57589   0.14913   0.57587  -0.11919
   0.58108   0.14359   0.58106  -0.12307
   0.58626   0.13792   0.58624  -0.12703
   0.59143   0.13214   0.59141  -0.13107
   0.59659   0.12623   0.59657  -0.13520
   0.60174   0.12021   0.60172  -0.13941
   0.60688   0.11408   0.60686  -0.14371
   0.61200   0.10784   0.61198  -0.14808
   0.61712   0.10148   0.61710  -0.15253
   0.62222   0.09502   0.62220  -0.15705
   0.62730   0.08845   0.62728  -0.16165
   0.63238   0.08178   0.63236  -0.16633
   0.63744   0.07500   0.63742  -0.17108
   0.64248   0.06812   0.64246  -0.17591
   0.64751   0.06115   0.64749  -0.18080
   0.65252   0.05407   0.65250  -0.18576
   0.65751   0.04691   0.65749  -0.19080
   0.66249   0.03965   0.66247  -0.19590
   0.66745   0.03230   0.66743  -0.20106
   0.67239   0.02486   0.67237  -0.20629
   0.67731   0.01734   0.67729  -0.21158
   0.68221   0.00973   0.68219  -0.21693
   0.68710   0.00205   0.68708  -0.22234
   0.69196  -0.00572   0.69194  -0.22781
   0.69680  -0.01356   0.69678  -0.23333
   0.70162  -0.02147   0.70160  -0.23891
   0.70641  -0.02945   0.70639  -0.24454
   0.71119  -0.03750   0.71117  -0.25022
   0.71594  -0.04562   0.71592  -0.25594
   0.72066  -0.05379   0.72064  -0.26171
   0.72537  -0.06203   0.72535  -0.26753
   0.73004  -0.07032   0.73002  -0.27339
   0.73469  -0.07867   0.73467  -0.27929
   0.73932  -0.08707   0.73930  -0.28523
   0.74392  -0.09551   0.74390  -0.29120
   0.74849  -0.10400   0.74847  -0.29721
   0.75304  -0.11253   0.75302  -0.30324
   0.75755  -0.12110   0.75753  -0.30931
   0.76204  -0.12971   0.76202  -0.31540
   0.76650  -0.13834   0.76648  -0.32152
   0.77093  -0.14701   0.77091  -0.32766
   0.77533  -0.15570   0.77531  -0.33382
   0.77970  -0.16441   0.77968  -0.34000
   0.78404  -0.17315   0.78402  -0.34619
   0.78835  -0.18190   0.78833  -0.35239
   0.79263  -0.19066   0.79261  -0.35861
   0.79687  -0.19944   0.79685  -0.36483
   0.80108  -0.20822   0.80106  -0.37106
   0.80526  -0.21700   0.80524  -0.37730
   0.80940  -0.22579   0.80938  -0.38353
   0.81351  -0.23458   0.81349  -0.38977
   0.81759  -0.24336   0.81757  -0.39601
   0.82163  -0.25214   0.82161  -0.40224
   0.82563  -0.26090   0.82561  -0.40847
   0.82960  -0.26965   0.82958  -0.41468
   0.83353  -0.27839   0.83351  -0.42089
   0.83743  -0.28710   0.83741  -0.42708
   0.84129  -0.29579   0.84127  -0.43325
   0.84511  -0.30445   0.84509  -0.43940
   0.84889  -0.31308   0.84887  -0.44553
   0.85263  -0.32168   0.85261  -0.45164
   0.85634  -0.33023   0.85632  -0.45772
   0.86000  -0.33875   0.85998  -0.46377
   0.86363  -0.34723   0.86361  -0.46979
   0.86722  -0.35565   0.86720  -0.47578
   0.87076  -0.36403   0.87074  -0.48173
   0.87427  -0.37236   0.87425  -0.48764
   0.87773  -0.38062   0.87771  -0.49351
   0.88115  -0.38883   0.88113  -0.49933
   0.88453  -0.39698   0.88451  -0.50511
   0.88787  -0.40506   0.88785  -0.51084
   0.89116  -0.41307   0.89114  -0.51653
   0.89441  -0.42101   0.89439  -0.52216
   0.89762  -0.42888   0.89760  -0.52773
   0.90078  -0.43667   0.90076  -0.53325
   0.90390  -0.44439   0.90388  -0.53872
   0.90697  -0.45201   0.90695  -0.54412
   0.91000  -0.45956   0.90998  -0.54946
   0.91299  -0.46702   0.91297  -0.55473
   0.91593  -0.47439   0.91591  -0.55994
   0.91882  -0.48166   0.91880  -0.56509
   0.92167  -0.48884   0.92165  -0.57016
   0.92447  -0.49593   0.92445  -0.57516
   0.92722  -0.50291   0.92720  -0.58010
   0.92993  -0.50980   0.92991  -0.58495
   0.93258  -0.51658   0.93256  -0.58973
   0.93520  -0.52325   0.93518  -0.59444
   0.93776  -0.52982   0.93774  -0.59907
   0.94027  -0.53628   0.94025  -0.60361
   0.94274  -0.54263   0.94272  -0.60808
   0.94515  -0.54886   0.94513  -0.61246
   0.94752  -0.55498   0.94750  -0.61676
   0.94984  -0.56098   0.94982  -0.62098
   0.95211  -0.56687   0.95209  -0.62511
   0.95433  -0.57263   0.95431  -0.62916
   0.95650  -0.57827   0.95648  -0.63311
   0.95862  -0.58379   0.95860  -0.63698
   0.96068  -0.58919   0.96066  -0.64076
   0.96270  -0.59446   0.96268  -0.64445
   0.96467  -0.59960   0.96465  -0.64805
   0.96658  -0.60462   0.96656  -0.65156
   0.96844  -0.60950   0.96842  -0.65497
   0.97025  -0.61426   0.97023  -0.65829
   0.97201  -0.61888   0.97199  -0.66152
   0.97372  -0.62337   0.97370  -0.66465
   0.97538  -0.62773   0.97536  -0.66769
   0.97698  -0.63195   0.97696  -0.67063
   0.97853  -0.63603   0.97851  -0.67348
   0.98002  -0.63998   0.98000  -0.67622
   0.98147  -0.64380   0.98145  -0.67888
   0.98286  -0.64747   0.98284  -0.68143
   0.98420  -0.65100   0.98418  -0.68389
   0.98548  -0.65440   0.98546  -0.68625
   0.98671  -0.65766   0.98669  -0.68851
   0.98789  -0.66077   0.98787  -0.69067
   0.98901  -0.66374   0.98899  -0.69273
   0.99008  -0.66658   0.99006  -0.69470
   0.99109  -0.66927   0.99107  -0.69656
   0.99205  -0.67181   0.99203  -0.69833
   0.99296  -0.67422   0.99294  -0.69999
   0.99381  -0.67648   0.99379  -0.70155
   0.99461  -0.67859   0.99459  -0.70302
   0.99535  -0.68056   0.99533  -0.70438
   0.99604  -0.68239   0.99602  -0.70565
   0.99667  -0.68407   0.99665  -0.70681
   0.99725  -0.68561   0.99723  -0.70787
   0.99778  -0.68700   0.99776  -0.70883
   0.99824  -0.68824   0.99822  -0.70969
   0.99866  -0.68934   0.99864  -0.71045
   0.99902  -0.69029   0.99900  -0.71111
   0.99932  -0.69110   0.99930  -0.71166
   0.99957  -0.69176   0.99955  -0.71212
   0.99976  -0.69227   0.99974  -0.71247
   0.99990  -0.69264   0.99988  -0.71273
   0.99998  -0.69286   0.99996  -0.71288
   1.00001  -0.69293   0.99999  -0.71293

XIN,   MODIFIED LEADING EDGE THICKNESS     0.00000     0.00000
XIN,   MODIFIED LEADING EDGE THICKNESS     0.00003     0.04068
XIN,   MODIFIED LEADING EDGE THICKNESS     0.00011     0.08129
XIN,   MODIFIED LEADING EDGE THICKNESS     0.00025     0.12177
XIN,   MODIFIED LEADING EDGE THICKNESS     0.00044     0.16204
XIN,   MODIFIED LEADING EDGE THICKNESS     0.00069     0.20204
XIN,   MODIFIED LEADING EDGE THICKNESS     0.00099     0.24170
XIN,   MODIFIED LEADING EDGE THICKNESS     0.00135     0.28095
XIN,   MODIFIED LEADING EDGE THICKNESS     0.00177     0.31972
XIN,   MODIFIED LEADING EDGE THICKNESS     0.00223     0.35796
XIN,   MODIFIED LEADING EDGE THICKNESS     0.00276     0.39559
XIN,   MODIFIED LEADING EDGE THICKNESS     0.00334     0.43254
XIN,   MODIFIED LEADING EDGE THICKNESS     0.00397     0.46876
XIN,   MODIFIED LEADING EDGE THICKNESS     0.00466     0.50419
XIN,   MODIFIED LEADING EDGE THICKNESS     0.00540     0.53875
XIN,   MODIFIED LEADING EDGE THICKNESS     0.00620     0.57240
XIN,   MODIFIED LEADING EDGE THICKNESS     0.00705     0.60507
XIN,   MODIFIED LEADING EDGE THICKNESS     0.00796     0.63670
XIN,   MODIFIED LEADING EDGE THICKNESS     0.00892     0.66725
XIN,   MODIFIED LEADING EDGE THICKNESS     0.00993     0.69665
XIN,   MODIFIED LEADING EDGE THICKNESS     0.01100     0.72486
XIN,   MODIFIED LEADING EDGE THICKNESS     0.01212     0.75182
XIN,   MODIFIED LEADING EDGE THICKNESS     0.01330     0.77750
XIN,   MODIFIED LEADING EDGE THICKNESS     0.01453     0.80185
XIN,   MODIFIED LEADING EDGE THICKNESS     0.01581     0.82484
XIN,   MODIFIED LEADING EDGE THICKNESS     0.01715     0.84642
XIN,   MODIFIED LEADING EDGE THICKNESS     0.01854     0.86657
XIN,   MODIFIED LEADING EDGE THICKNESS     0.01999     0.88526
XIN,   MODIFIED LEADING EDGE THICKNESS     0.02148     0.90247
XIN,   MODIFIED LEADING EDGE THICKNESS     0.02303     0.91820
XIN,   MODIFIED LEADING EDGE THICKNESS     0.02463     0.93243
XIN,   MODIFIED LEADING EDGE THICKNESS     0.02629     0.94518
XIN,   MODIFIED LEADING EDGE THICKNESS     0.02800     0.95644
XIN,   MODIFIED LEADING EDGE THICKNESS     0.02976     0.96624
XIN,   MODIFIED LEADING EDGE THICKNESS     0.03157     0.97463
XIN,   MODIFIED LEADING EDGE THICKNESS     0.03343     0.98163
XIN,   MODIFIED LEADING EDGE THICKNESS     0.03534     0.98733
XIN,   MODIFIED LEADING EDGE THICKNESS     0.03731     0.99179
XIN,   MODIFIED LEADING EDGE THICKNESS     0.03933     0.99512
XIN,   MODIFIED LEADING EDGE THICKNESS     0.04139     0.99745
XIN,   MODIFIED LEADING EDGE THICKNESS     0.04351     0.99891
XIN,   MODIFIED LEADING EDGE THICKNESS     0.04568     0.99968
XIN,   MODIFIED LEADING EDGE THICKNESS     0.04790     0.99996
 XIN,   MODIFIED TRAILING EDGE THICKNESS     0.99007     0.99998
 XIN,   MODIFIED TRAILING EDGE THICKNESS     0.99108     0.99410
 XIN,   MODIFIED TRAILING EDGE THICKNESS     0.99204     0.97887
 XIN,   MODIFIED TRAILING EDGE THICKNESS     0.99295     0.95546
 XIN,   MODIFIED TRAILING EDGE THICKNESS     0.99380     0.92486
 XIN,   MODIFIED TRAILING EDGE THICKNESS     0.99460     0.88790
 XIN,   MODIFIED TRAILING EDGE THICKNESS     0.99534     0.84530
 XIN,   MODIFIED TRAILING EDGE THICKNESS     0.99603     0.79767
 XIN,   MODIFIED TRAILING EDGE THICKNESS     0.99666     0.74558
 XIN,   MODIFIED TRAILING EDGE THICKNESS     0.99724     0.68953
 XIN,   MODIFIED TRAILING EDGE THICKNESS     0.99777     0.62998
 XIN,   MODIFIED TRAILING EDGE THICKNESS     0.99823     0.56736
 XIN,   MODIFIED TRAILING EDGE THICKNESS     0.99865     0.50207
 XIN,   MODIFIED TRAILING EDGE THICKNESS     0.99901     0.43449
 XIN,   MODIFIED TRAILING EDGE THICKNESS     0.99931     0.36497
 XIN,   MODIFIED TRAILING EDGE THICKNESS     0.99956     0.29387
 XIN,   MODIFIED TRAILING EDGE THICKNESS     0.99975     0.22149
 XIN,   MODIFIED TRAILING EDGE THICKNESS     0.99989     0.14817
 XIN,   MODIFIED TRAILING EDGE THICKNESS     0.99997     0.07424
 XIN,   MODIFIED TRAILING EDGE THICKNESS     1.00000     0.00000

  POINTS NEARLY PERPENDICULAR TO THE CENTRE LINE BEFORE THINNING 
        N        XUPP      YUPP        XLOW        YLOW 
         1    -0.00365     0.00435     0.02922    -0.03482
         2    -0.00364     0.00440     0.02927    -0.03482
         3    -0.00362     0.00454     0.02941    -0.03482
         4    -0.00358     0.00477     0.02963    -0.03483
         5    -0.00352     0.00510     0.02995    -0.03485
         6    -0.00345     0.00552     0.03036    -0.03485
         7    -0.00335     0.00603     0.03086    -0.03486
         8    -0.00325     0.00663     0.03144    -0.03486
         9    -0.00312     0.00733     0.03211    -0.03488
        10    -0.00298     0.00813     0.03287    -0.03488
        11    -0.00283     0.00901     0.03371    -0.03489
        12    -0.00265     0.00999     0.03463    -0.03488
        13    -0.00246     0.01107     0.03563    -0.03487
        14    -0.00225     0.01223     0.03671    -0.03485
        15    -0.00203     0.01349     0.03786    -0.03483
        16    -0.00179     0.01485     0.03910    -0.03479
        17    -0.00153     0.01630     0.04040    -0.03475
        18    -0.00126     0.01785     0.04178    -0.03470
        19    -0.00097     0.01948     0.04323    -0.03463
        20    -0.00066     0.02122     0.04474    -0.03455
        21    -0.00034     0.02305     0.04633    -0.03447
        22     0.00001     0.02497     0.04798    -0.03437
        23     0.00045     0.02688     0.04969    -0.03424
        24     0.00105     0.02873     0.05146    -0.03412
        25     0.00172     0.03057     0.05330    -0.03397
        26     0.00246     0.03249     0.05520    -0.03382
        27     0.00325     0.03441     0.05716    -0.03364
        28     0.00411     0.03641     0.05917    -0.03345
        29     0.00501     0.03844     0.06124    -0.03325
        30     0.00597     0.04051     0.06336    -0.03304
        31     0.00698     0.04263     0.06554    -0.03281
        32     0.00805     0.04482     0.06776    -0.03257
        33     0.00916     0.04704     0.07004    -0.03231
        34     0.01033     0.04931     0.07237    -0.03204
        35     0.01154     0.05163     0.07474    -0.03177
        36     0.01281     0.05400     0.07716    -0.03147
        37     0.01413     0.05642     0.07963    -0.03117
        38     0.01550     0.05889     0.08214    -0.03086
        39     0.01692     0.06140     0.08469    -0.03054
        40     0.01839     0.06396     0.08729    -0.03020
        41     0.01992     0.06657     0.08992    -0.02986
        42     0.02150     0.06924     0.09259    -0.02951
        43     0.02313     0.07193     0.09530    -0.02916
        44     0.02481     0.07468     0.09805    -0.02879
        45     0.02655     0.07746     0.10083    -0.02843
        46     0.02834     0.08029     0.10364    -0.02805
        47     0.03018     0.08316     0.10648    -0.02768
        48     0.03208     0.08607     0.10936    -0.02729
        49     0.03403     0.08902     0.11226    -0.02691
        50     0.03604     0.09201     0.11519    -0.02653
        51     0.03811     0.09504     0.11815    -0.02614
        52     0.04023     0.09810     0.12113    -0.02576
        53     0.04242     0.10121     0.12413    -0.02537
        54     0.04465     0.10435     0.12715    -0.02499
        55     0.04695     0.10752     0.13020    -0.02461
        56     0.04931     0.11073     0.13326    -0.02423
        57     0.05173     0.11397     0.13634    -0.02386
        58     0.05421     0.11724     0.13943    -0.02349
        59     0.05675     0.12054     0.14254    -0.02312
        60     0.05935     0.12387     0.14566    -0.02276
        61     0.06201     0.12723     0.14879    -0.02241
        62     0.06475     0.13061     0.15194    -0.02206
        63     0.06754     0.13405     0.15508    -0.02173
        64     0.07041     0.13748     0.15824    -0.02140
        65     0.07334     0.14094     0.16140    -0.02108
        66     0.07634     0.14442     0.16456    -0.02077
        67     0.07941     0.14792     0.16773    -0.02047
        68     0.08255     0.15144     0.17089    -0.02018
        69     0.08576     0.15497     0.17406    -0.01991
        70     0.08905     0.15852     0.17722    -0.01964
        71     0.09241     0.16207     0.18038    -0.01938
        72     0.09584     0.16564     0.18353    -0.01914
        73     0.09936     0.16925     0.18668    -0.01890
        74     0.10295     0.17283     0.18982    -0.01869
        75     0.10662     0.17641     0.19296    -0.01848
        76     0.11038     0.18000     0.19608    -0.01829
        77     0.11421     0.18358     0.19920    -0.01810
        78     0.11813     0.18716     0.20230    -0.01794
        79     0.12214     0.19073     0.20540    -0.01778
        80     0.12623     0.19432     0.20848    -0.01763
        81     0.13041     0.19787     0.21155    -0.01751
        82     0.13468     0.20139     0.21460    -0.01739
        83     0.13903     0.20490     0.21764    -0.01728
        84     0.14348     0.20837     0.22067    -0.01718
        85     0.14803     0.21185     0.22369    -0.01710
        86     0.15266     0.21526     0.22669    -0.01703
        87     0.15739     0.21863     0.22968    -0.01697
        88     0.16221     0.22196     0.23265    -0.01693
        89     0.16713     0.22527     0.23561    -0.01689
        90     0.17213     0.22848     0.23859    -0.01687
        91     0.17721     0.23162     0.24156    -0.01687
        92     0.18238     0.23469     0.24453    -0.01687
        93     0.18766     0.23774     0.24748    -0.01688
        94     0.19302     0.24066     0.25042    -0.01691
        95     0.19848     0.24351     0.25336    -0.01695
        96     0.20403     0.24630     0.25628    -0.01699
        97     0.20967     0.24896     0.25919    -0.01707
        98     0.21541     0.25153     0.26210    -0.01714
        99     0.22123     0.25402     0.26500    -0.01723
       100     0.22714     0.25637     0.26789    -0.01733
       101     0.23314     0.25860     0.27078    -0.01743
       102     0.23922     0.26075     0.27366    -0.01757
       103     0.24538     0.26273     0.27654    -0.01770
       104     0.25162     0.26461     0.27942    -0.01784
       105     0.25794     0.26632     0.28229    -0.01801
       106     0.26433     0.26788     0.28516    -0.01818
       107     0.27079     0.26933     0.28803    -0.01837
       108     0.27731     0.27058     0.29091    -0.01856
       109     0.28390     0.27167     0.29379    -0.01877
       110     0.29054     0.27264     0.29667    -0.01900
       111     0.29723     0.27341     0.29956    -0.01923
       112     0.30393     0.27404     0.30249    -0.01950
       113     0.31065     0.27446     0.30546    -0.01976
       114     0.31741     0.27471     0.30843    -0.02004
       115     0.32421     0.27483     0.31142    -0.02035
       116     0.33103     0.27474     0.31441    -0.02066
       117     0.33789     0.27451     0.31741    -0.02100
       118     0.34477     0.27406     0.32043    -0.02133
       119     0.35166     0.27344     0.32345    -0.02168
       120     0.35857     0.27268     0.32649    -0.02207
       121     0.36550     0.27170     0.32954    -0.02245
       122     0.37243     0.27053     0.33260    -0.02285
       123     0.37936     0.26923     0.33568    -0.02329
       124     0.38629     0.26771     0.33877    -0.02372
       125     0.39322     0.26605     0.34188    -0.02419
       126     0.40013     0.26416     0.34501    -0.02466
       127     0.40704     0.26209     0.34815    -0.02515
       128     0.41393     0.25989     0.35131    -0.02567
       129     0.42079     0.25746     0.35449    -0.02620
       130     0.42762     0.25485     0.35769    -0.02675
       131     0.43443     0.25207     0.36091    -0.02734
       132     0.44124     0.24915     0.36412    -0.02792
       133     0.44802     0.24600     0.36734    -0.02855
       134     0.45477     0.24268     0.37059    -0.02918
       135     0.46146     0.23925     0.37387    -0.02983
       136     0.46810     0.23560     0.37719    -0.03053
       137     0.47469     0.23180     0.38054    -0.03124
       138     0.48123     0.22785     0.38393    -0.03197
       139     0.48771     0.22382     0.38737    -0.03277
       140     0.49412     0.21958     0.39084    -0.03357
       141     0.50047     0.21521     0.39437    -0.03440
       142     0.50676     0.21070     0.39795    -0.03530
       143     0.51299     0.20606     0.40158    -0.03621
       144     0.51914     0.20137     0.40527    -0.03716
       145     0.52522     0.19649     0.40901    -0.03816
       146     0.53123     0.19149     0.41282    -0.03923
       147     0.53718     0.18639     0.41668    -0.04032
       148     0.54306     0.18118     0.42061    -0.04146
       149     0.54887     0.17587     0.42461    -0.04266
       150     0.55462     0.17046     0.42867    -0.04394
       151     0.56032     0.16500     0.43276    -0.04524
       152     0.56597     0.15937     0.43690    -0.04660
       153     0.57155     0.15366     0.44112    -0.04802
       154     0.57707     0.14787     0.44542    -0.04951
       155     0.58253     0.14200     0.44980    -0.05111
       156     0.58792     0.13606     0.45426    -0.05275
       157     0.59325     0.13004     0.45880    -0.05448
       158     0.59852     0.12396     0.46343    -0.05629
       159     0.60374     0.11782     0.46814    -0.05819
       160     0.60890     0.11161     0.47294    -0.06018
       161     0.61401     0.10534     0.47782    -0.06227
       162     0.61906     0.09900     0.48278    -0.06446
       163     0.62407     0.09262     0.48783    -0.06676
       164     0.62903     0.08617     0.49294    -0.06915
       165     0.63395     0.07967     0.49813    -0.07166
       166     0.63882     0.07311     0.50340    -0.07428
       167     0.64365     0.06650     0.50872    -0.07702
       168     0.64844     0.05983     0.51411    -0.07988
       169     0.65319     0.05311     0.51956    -0.08286
       170     0.65790     0.04635     0.52507    -0.08596
       171     0.66257     0.03953     0.53063    -0.08920
       172     0.66720     0.03261     0.53624    -0.09256
       173     0.67180     0.02571     0.54189    -0.09604
       174     0.67637     0.01875     0.54757    -0.09966
       175     0.68090     0.01174     0.55329    -0.10340
       176     0.68541     0.00468     0.55903    -0.10726
       177     0.68989    -0.00243     0.56479    -0.11125
       178     0.69434    -0.00958     0.57057    -0.11537
       179     0.69876    -0.01678     0.57637    -0.11956
       180     0.70316    -0.02403     0.58217    -0.12392
       181     0.70752    -0.03133     0.58799    -0.12840
       182     0.71187    -0.03867     0.59381    -0.13300
       183     0.71619    -0.04605     0.59963    -0.13772
       184     0.72048    -0.05353     0.60545    -0.14255
       185     0.72475    -0.06099     0.61127    -0.14750
       186     0.72899    -0.06849     0.61708    -0.15256
       187     0.73321    -0.07603     0.62288    -0.15767
       188     0.73741    -0.08361     0.62867    -0.16294
       189     0.74158    -0.09123     0.63445    -0.16830
       190     0.74573    -0.09888     0.64021    -0.17377
       191     0.74986    -0.10657     0.64596    -0.17933
       192     0.75397    -0.11430     0.65168    -0.18499
       193     0.75805    -0.12205     0.65739    -0.19074
       194     0.76211    -0.12984     0.66307    -0.19653
       195     0.76615    -0.13769     0.66873    -0.20244
       196     0.77016    -0.14552     0.67436    -0.20844
       197     0.77415    -0.15338     0.67997    -0.21451
       198     0.77811    -0.16126     0.68555    -0.22067
       199     0.78206    -0.16916     0.69109    -0.22689
       200     0.78598    -0.17709     0.69661    -0.23318
       201     0.78987    -0.18503     0.70210    -0.23949
       202     0.79375    -0.19298     0.70754    -0.24591
       203     0.79759    -0.20095     0.71296    -0.25238
       204     0.80142    -0.20893     0.71834    -0.25891
       205     0.80522    -0.21695     0.72368    -0.26548
       206     0.80899    -0.22494     0.72898    -0.27211
       207     0.81273    -0.23293     0.73425    -0.27878
       208     0.81645    -0.24093     0.73948    -0.28545
       209     0.82014    -0.24892     0.74466    -0.29220
       210     0.82381    -0.25692     0.74980    -0.29897
       211     0.82745    -0.26491     0.75490    -0.30578
       212     0.83106    -0.27289     0.75996    -0.31262
       213     0.83464    -0.28087     0.76498    -0.31947
       214     0.83820    -0.28884     0.76995    -0.32635
       215     0.84173    -0.29680     0.77488    -0.33324
       216     0.84523    -0.30474     0.77977    -0.34012
       217     0.84871    -0.31269     0.78461    -0.34704
       218     0.85215    -0.32058     0.78941    -0.35396
       219     0.85556    -0.32846     0.79416    -0.36089
       220     0.85895    -0.33631     0.79887    -0.36782
       221     0.86230    -0.34413     0.80353    -0.37475
       222     0.86563    -0.35192     0.80814    -0.38168
       223     0.86892    -0.35968     0.81271    -0.38860
       224     0.87218    -0.36741     0.81722    -0.39550
       225     0.87541    -0.37509     0.82169    -0.40236
       226     0.87861    -0.38274     0.82610    -0.40923
       227     0.88177    -0.39034     0.83047    -0.41608
       228     0.88490    -0.39789     0.83478    -0.42290
       229     0.88800    -0.40540     0.83904    -0.42969
       230     0.89107    -0.41287     0.84326    -0.43646
       231     0.89410    -0.42027     0.84742    -0.44319
       232     0.89709    -0.42761     0.85153    -0.44988
       233     0.90005    -0.43489     0.85558    -0.45653
       234     0.90298    -0.44212     0.85959    -0.46313
       235     0.90587    -0.44928     0.86354    -0.46969
       236     0.90872    -0.45637     0.86744    -0.47618
       237     0.91154    -0.46340     0.87128    -0.48264
       238     0.91432    -0.47035     0.87507    -0.48904
       239     0.91706    -0.47724     0.87881    -0.49538
       240     0.91977    -0.48405     0.88249    -0.50167
       241     0.92243    -0.49078     0.88612    -0.50789
       242     0.92506    -0.49744     0.88970    -0.51404
       243     0.92765    -0.50401     0.89322    -0.52013
       244     0.93020    -0.51050     0.89668    -0.52615
       245     0.93271    -0.51691     0.90009    -0.53209
       246     0.93518    -0.52324     0.90344    -0.53796
       247     0.93762    -0.52946     0.90674    -0.54375
       248     0.94001    -0.53560     0.90998    -0.54946
       249     0.94236    -0.54165     0.91317    -0.55509
       250     0.94467    -0.54761     0.91629    -0.56063
       251     0.94693    -0.55346     0.91937    -0.56610
       252     0.94916    -0.55923     0.92238    -0.57147
       253     0.95135    -0.56489     0.92534    -0.57676
       254     0.95349    -0.57045     0.92824    -0.58196
       255     0.95559    -0.57591     0.93108    -0.58706
       256     0.95765    -0.58127     0.93386    -0.59207
       257     0.95966    -0.58653     0.93659    -0.59699
       258     0.96163    -0.59167     0.93925    -0.60181
       259     0.96356    -0.59672     0.94186    -0.60653
       260     0.96545    -0.60165     0.94441    -0.61115
       261     0.96729    -0.60647     0.94690    -0.61567
       262     0.96908    -0.61119     0.94933    -0.62009
       263     0.97084    -0.61579     0.95170    -0.62440
       264     0.97255    -0.62028     0.95401    -0.62861
       265     0.97421    -0.62466     0.95626    -0.63272
       266     0.97583    -0.62892     0.95845    -0.63672
       267     0.97740    -0.63306     0.96058    -0.64061
       268     0.97893    -0.63709     0.96265    -0.64439
       269     0.98041    -0.64101     0.96465    -0.64806
       270     0.98185    -0.64480     0.96660    -0.65163
       271     0.98324    -0.64848     0.96848    -0.65508
       272     0.98459    -0.65204     0.97031    -0.65842
       273     0.98589    -0.65548     0.97207    -0.66165
       274     0.98714    -0.65880     0.97377    -0.66477
       275     0.98835    -0.66199     0.97540    -0.66777
       276     0.98951    -0.66507     0.97698    -0.67066
       277     0.99063    -0.66802     0.97849    -0.67344
       278     0.99169    -0.67086     0.97994    -0.67610
       279     0.99272    -0.67356     0.98132    -0.67864
       280     0.99369    -0.67615     0.98264    -0.68107
       281     0.99462    -0.67861     0.98390    -0.68339
       282     0.99550    -0.68095     0.98510    -0.68558
       283     0.99633    -0.68316     0.98623    -0.68766
       284     0.99712    -0.68525     0.98730    -0.68962
       285     0.99786    -0.68721     0.98830    -0.69147
       286     0.99855    -0.68905     0.98924    -0.69319
       287     0.99919    -0.69076     0.99012    -0.69480
       288     0.99979    -0.69234     0.99093    -0.69629
       289     1.00034    -0.69380     0.99167    -0.69766
       290     1.00084    -0.69514     0.99236    -0.69891
       291     1.00129    -0.69634     0.99297    -0.70005
       292     1.00170    -0.69742     0.99353    -0.70106
       293     1.00206    -0.69838     0.99401    -0.70196
       294     1.00237    -0.69920     0.99444    -0.70274
       295     1.00263    -0.69990     0.99479    -0.70339
       296     1.00285    -0.70047     0.99509    -0.70393
       297     1.00302    -0.70092     0.99531    -0.70435
       298     1.00314    -0.70124     0.99548    -0.70465
       299     1.00321    -0.70143     0.99557    -0.70483
       300     1.00323    -0.70149     0.99561    -0.70489
  COORDINATES GOING ROUND THE BLADE AFTER ANY ROTATION
     N        XSURF        YSURF 
         1     0.01245    -0.01484
         2     0.01214    -0.01441
         3     0.01155    -0.01354
         4     0.01101    -0.01262
         5     0.01050    -0.01164
         6     0.01004    -0.01059
         7     0.00962    -0.00947
         8     0.00922    -0.00828
         9     0.00886    -0.00702
        10     0.00853    -0.00568
        11     0.00821    -0.00425
        12     0.00793    -0.00274
        13     0.00766    -0.00114
        14     0.00740     0.00056
        15     0.00717     0.00235
        16     0.00695     0.00424
        17     0.00675     0.00622
        18     0.00656     0.00830
        19     0.00638     0.01048
        20     0.00623     0.01276
        21     0.00608     0.01514
        22     0.00596     0.01761
        23     0.00593     0.02008
        24     0.00604     0.02250
        25     0.00624     0.02492
        26     0.00651     0.02739
        27     0.00685     0.02987
        28     0.00727     0.03240
        29     0.00776     0.03494
        30     0.00832     0.03750
        31     0.00896     0.04008
        32     0.00968     0.04270
        33     0.01049     0.04531
        34     0.01138     0.04794
        35     0.01235     0.05058
        36     0.01340     0.05322
        37     0.01455     0.05587
        38     0.01577     0.05852
        39     0.01709     0.06118
        40     0.01848     0.06384
        41     0.01996     0.06651
        42     0.02151     0.06922
        43     0.02313     0.07193
        44     0.02481     0.07468
        45     0.02655     0.07746
        46     0.02834     0.08029
        47     0.03018     0.08316
        48     0.03208     0.08607
        49     0.03403     0.08902
        50     0.03604     0.09201
        51     0.03811     0.09504
        52     0.04023     0.09810
        53     0.04242     0.10121
        54     0.04465     0.10435
        55     0.04695     0.10752
        56     0.04931     0.11073
        57     0.05173     0.11397
        58     0.05421     0.11724
        59     0.05675     0.12054
        60     0.05935     0.12387
        61     0.06201     0.12723
        62     0.06475     0.13061
        63     0.06754     0.13405
        64     0.07041     0.13748
        65     0.07334     0.14094
        66     0.07634     0.14442
        67     0.07941     0.14792
        68     0.08255     0.15144
        69     0.08576     0.15497
        70     0.08905     0.15852
        71     0.09241     0.16207
        72     0.09584     0.16564
        73     0.09936     0.16925
        74     0.10295     0.17283
        75     0.10662     0.17641
        76     0.11038     0.18000
        77     0.11421     0.18358
        78     0.11813     0.18716
        79     0.12214     0.19073
        80     0.12623     0.19432
        81     0.13041     0.19787
        82     0.13468     0.20139
        83     0.13903     0.20490
        84     0.14348     0.20837
        85     0.14803     0.21185
        86     0.15266     0.21526
        87     0.15739     0.21863
        88     0.16221     0.22196
        89     0.16713     0.22527
        90     0.17213     0.22848
        91     0.17721     0.23162
        92     0.18238     0.23469
        93     0.18766     0.23774
        94     0.19302     0.24066
        95     0.19848     0.24351
        96     0.20403     0.24630
        97     0.20967     0.24896
        98     0.21541     0.25153
        99     0.22123     0.25402
       100     0.22714     0.25637
       101     0.23314     0.25860
       102     0.23922     0.26075
       103     0.24538     0.26273
       104     0.25162     0.26461
       105     0.25794     0.26632
       106     0.26433     0.26788
       107     0.27079     0.26933
       108     0.27731     0.27058
       109     0.28390     0.27167
       110     0.29054     0.27264
       111     0.29723     0.27341
       112     0.30393     0.27404
       113     0.31065     0.27446
       114     0.31741     0.27471
       115     0.32421     0.27483
       116     0.33103     0.27474
       117     0.33789     0.27451
       118     0.34477     0.27406
       119     0.35166     0.27344
       120     0.35857     0.27268
       121     0.36550     0.27170
       122     0.37243     0.27053
       123     0.37936     0.26923
       124     0.38629     0.26771
       125     0.39322     0.26605
       126     0.40013     0.26416
       127     0.40704     0.26209
       128     0.41393     0.25989
       129     0.42079     0.25746
       130     0.42762     0.25485
       131     0.43443     0.25207
       132     0.44124     0.24915
       133     0.44802     0.24600
       134     0.45477     0.24268
       135     0.46146     0.23925
       136     0.46810     0.23560
       137     0.47469     0.23180
       138     0.48123     0.22785
       139     0.48771     0.22382
       140     0.49412     0.21958
       141     0.50047     0.21521
       142     0.50676     0.21070
       143     0.51299     0.20606
       144     0.51914     0.20137
       145     0.52522     0.19649
       146     0.53123     0.19149
       147     0.53718     0.18639
       148     0.54306     0.18118
       149     0.54887     0.17587
       150     0.55462     0.17046
       151     0.56032     0.16500
       152     0.56597     0.15937
       153     0.57155     0.15366
       154     0.57707     0.14787
       155     0.58253     0.14200
       156     0.58792     0.13606
       157     0.59325     0.13004
       158     0.59852     0.12396
       159     0.60374     0.11782
       160     0.60890     0.11161
       161     0.61401     0.10534
       162     0.61906     0.09900
       163     0.62407     0.09262
       164     0.62903     0.08617
       165     0.63395     0.07967
       166     0.63882     0.07311
       167     0.64365     0.06650
       168     0.64844     0.05983
       169     0.65319     0.05311
       170     0.65790     0.04635
       171     0.66257     0.03953
       172     0.66720     0.03261
       173     0.67180     0.02571
       174     0.67637     0.01875
       175     0.68090     0.01174
       176     0.68541     0.00468
       177     0.68989    -0.00243
       178     0.69434    -0.00958
       179     0.69876    -0.01678
       180     0.70316    -0.02403
       181     0.70752    -0.03133
       182     0.71187    -0.03867
       183     0.71619    -0.04605
       184     0.72048    -0.05353
       185     0.72475    -0.06099
       186     0.72899    -0.06849
       187     0.73321    -0.07603
       188     0.73741    -0.08361
       189     0.74158    -0.09123
       190     0.74573    -0.09888
       191     0.74986    -0.10657
       192     0.75397    -0.11430
       193     0.75805    -0.12205
       194     0.76211    -0.12984
       195     0.76615    -0.13769
       196     0.77016    -0.14552
       197     0.77415    -0.15338
       198     0.77811    -0.16126
       199     0.78206    -0.16916
       200     0.78598    -0.17709
       201     0.78987    -0.18503
       202     0.79375    -0.19298
       203     0.79759    -0.20095
       204     0.80142    -0.20893
       205     0.80522    -0.21695
       206     0.80899    -0.22494
       207     0.81273    -0.23293
       208     0.81645    -0.24093
       209     0.82014    -0.24892
       210     0.82381    -0.25692
       211     0.82745    -0.26491
       212     0.83106    -0.27289
       213     0.83464    -0.28087
       214     0.83820    -0.28884
       215     0.84173    -0.29680
       216     0.84523    -0.30474
       217     0.84871    -0.31269
       218     0.85215    -0.32058
       219     0.85556    -0.32846
       220     0.85895    -0.33631
       221     0.86230    -0.34413
       222     0.86563    -0.35192
       223     0.86892    -0.35968
       224     0.87218    -0.36741
       225     0.87541    -0.37509
       226     0.87861    -0.38274
       227     0.88177    -0.39034
       228     0.88490    -0.39789
       229     0.88800    -0.40540
       230     0.89107    -0.41287
       231     0.89410    -0.42027
       232     0.89709    -0.42761
       233     0.90005    -0.43489
       234     0.90298    -0.44212
       235     0.90587    -0.44928
       236     0.90872    -0.45637
       237     0.91154    -0.46340
       238     0.91432    -0.47035
       239     0.91706    -0.47724
       240     0.91977    -0.48405
       241     0.92243    -0.49078
       242     0.92506    -0.49744
       243     0.92765    -0.50401
       244     0.93020    -0.51050
       245     0.93271    -0.51691
       246     0.93518    -0.52324
       247     0.93762    -0.52946
       248     0.94001    -0.53560
       249     0.94236    -0.54165
       250     0.94467    -0.54761
       251     0.94693    -0.55346
       252     0.94916    -0.55923
       253     0.95135    -0.56489
       254     0.95349    -0.57045
       255     0.95559    -0.57591
       256     0.95765    -0.58127
       257     0.95966    -0.58653
       258     0.96163    -0.59167
       259     0.96356    -0.59672
       260     0.96545    -0.60165
       261     0.96729    -0.60647
       262     0.96908    -0.61119
       263     0.97084    -0.61579
       264     0.97255    -0.62028
       265     0.97421    -0.62466
       266     0.97583    -0.62892
       267     0.97740    -0.63306
       268     0.97893    -0.63709
       269     0.98041    -0.64101
       270     0.98185    -0.64480
       271     0.98324    -0.64848
       272     0.98459    -0.65204
       273     0.98589    -0.65548
       274     0.98714    -0.65880
       275     0.98835    -0.66199
       276     0.98951    -0.66507
       277     0.99063    -0.66802
       278     0.99169    -0.67086
       279     0.99272    -0.67356
       280     0.99369    -0.67615
       281     0.99462    -0.67861
       282     0.99547    -0.68096
       283     0.99622    -0.68321
       284     0.99690    -0.68534
       285     0.99750    -0.68737
       286     0.99803    -0.68928
       287     0.99849    -0.69107
       288     0.99889    -0.69274
       289     0.99924    -0.69429
       290     0.99952    -0.69572
       291     0.99975    -0.69703
       292     0.99993    -0.69821
       293     1.00006    -0.69927
       294     1.00013    -0.70020
       295     1.00014    -0.70101
       296     1.00011    -0.70169
       297     1.00002    -0.70225
       298     0.99987    -0.70269
       299     0.99967    -0.70300
       300     0.99956    -0.70313
       301     0.99928    -0.70325
       302     0.99911    -0.70325
       303     0.99874    -0.70319
       304     0.99831    -0.70301
       305     0.99783    -0.70271
       306     0.99728    -0.70228
       307     0.99668    -0.70174
       308     0.99602    -0.70107
       309     0.99529    -0.70028
       310     0.99451    -0.69936
       311     0.99367    -0.69833
       312     0.99278    -0.69717
       313     0.99182    -0.69589
       314     0.99082    -0.69449
       315     0.98976    -0.69296
       316     0.98866    -0.69131
       317     0.98752    -0.68952
       318     0.98634    -0.68761
       319     0.98513    -0.68557
       320     0.98390    -0.68339
       321     0.98264    -0.68107
       322     0.98132    -0.67864
       323     0.97994    -0.67610
       324     0.97849    -0.67344
       325     0.97698    -0.67066
       326     0.97540    -0.66777
       327     0.97377    -0.66477
       328     0.97207    -0.66165
       329     0.97031    -0.65842
       330     0.96848    -0.65508
       331     0.96660    -0.65163
       332     0.96465    -0.64806
       333     0.96265    -0.64439
       334     0.96058    -0.64061
       335     0.95845    -0.63672
       336     0.95626    -0.63272
       337     0.95401    -0.62861
       338     0.95170    -0.62440
       339     0.94933    -0.62009
       340     0.94690    -0.61567
       341     0.94441    -0.61115
       342     0.94186    -0.60653
       343     0.93925    -0.60181
       344     0.93659    -0.59699
       345     0.93386    -0.59207
       346     0.93108    -0.58706
       347     0.92824    -0.58196
       348     0.92534    -0.57676
       349     0.92238    -0.57147
       350     0.91937    -0.56610
       351     0.91629    -0.56063
       352     0.91317    -0.55509
       353     0.90998    -0.54946
       354     0.90674    -0.54375
       355     0.90344    -0.53796
       356     0.90009    -0.53209
       357     0.89668    -0.52615
       358     0.89322    -0.52013
       359     0.88970    -0.51404
       360     0.88612    -0.50789
       361     0.88249    -0.50167
       362     0.87881    -0.49538
       363     0.87507    -0.48904
       364     0.87128    -0.48264
       365     0.86744    -0.47618
       366     0.86354    -0.46969
       367     0.85959    -0.46313
       368     0.85558    -0.45653
       369     0.85153    -0.44988
       370     0.84742    -0.44319
       371     0.84326    -0.43646
       372     0.83904    -0.42969
       373     0.83478    -0.42290
       374     0.83047    -0.41608
       375     0.82610    -0.40923
       376     0.82169    -0.40236
       377     0.81722    -0.39550
       378     0.81271    -0.38860
       379     0.80814    -0.38168
       380     0.80353    -0.37475
       381     0.79887    -0.36782
       382     0.79416    -0.36089
       383     0.78941    -0.35396
       384     0.78461    -0.34704
       385     0.77977    -0.34012
       386     0.77488    -0.33324
       387     0.76995    -0.32635
       388     0.76498    -0.31947
       389     0.75996    -0.31262
       390     0.75490    -0.30578
       391     0.74980    -0.29897
       392     0.74466    -0.29220
       393     0.73948    -0.28545
       394     0.73425    -0.27878
       395     0.72898    -0.27211
       396     0.72368    -0.26548
       397     0.71834    -0.25891
       398     0.71296    -0.25238
       399     0.70754    -0.24591
       400     0.70210    -0.23949
       401     0.69661    -0.23318
       402     0.69109    -0.22689
       403     0.68555    -0.22067
       404     0.67997    -0.21451
       405     0.67436    -0.20844
       406     0.66873    -0.20244
       407     0.66307    -0.19653
       408     0.65739    -0.19074
       409     0.65168    -0.18499
       410     0.64596    -0.17933
       411     0.64021    -0.17377
       412     0.63445    -0.16830
       413     0.62867    -0.16294
       414     0.62288    -0.15767
       415     0.61708    -0.15256
       416     0.61127    -0.14750
       417     0.60545    -0.14255
       418     0.59963    -0.13772
       419     0.59381    -0.13300
       420     0.58799    -0.12840
       421     0.58217    -0.12392
       422     0.57637    -0.11956
       423     0.57057    -0.11537
       424     0.56479    -0.11125
       425     0.55903    -0.10726
       426     0.55329    -0.10340
       427     0.54757    -0.09966
       428     0.54189    -0.09604
       429     0.53624    -0.09256
       430     0.53063    -0.08920
       431     0.52507    -0.08596
       432     0.51956    -0.08286
       433     0.51411    -0.07988
       434     0.50872    -0.07702
       435     0.50340    -0.07428
       436     0.49813    -0.07166
       437     0.49294    -0.06915
       438     0.48783    -0.06676
       439     0.48278    -0.06446
       440     0.47782    -0.06227
       441     0.47294    -0.06018
       442     0.46814    -0.05819
       443     0.46343    -0.05629
       444     0.45880    -0.05448
       445     0.45426    -0.05275
       446     0.44980    -0.05111
       447     0.44542    -0.04951
       448     0.44112    -0.04802
       449     0.43690    -0.04660
       450     0.43276    -0.04524
       451     0.42867    -0.04394
       452     0.42461    -0.04266
       453     0.42061    -0.04146
       454     0.41668    -0.04032
       455     0.41282    -0.03923
       456     0.40901    -0.03816
       457     0.40527    -0.03716
       458     0.40158    -0.03621
       459     0.39795    -0.03530
       460     0.39437    -0.03440
       461     0.39084    -0.03357
       462     0.38737    -0.03277
       463     0.38393    -0.03197
       464     0.38054    -0.03124
       465     0.37719    -0.03053
       466     0.37387    -0.02983
       467     0.37059    -0.02918
       468     0.36734    -0.02855
       469     0.36412    -0.02792
       470     0.36091    -0.02734
       471     0.35769    -0.02675
       472     0.35449    -0.02620
       473     0.35131    -0.02567
       474     0.34815    -0.02515
       475     0.34501    -0.02466
       476     0.34188    -0.02419
       477     0.33877    -0.02372
       478     0.33568    -0.02329
       479     0.33260    -0.02285
       480     0.32954    -0.02245
       481     0.32649    -0.02207
       482     0.32345    -0.02168
       483     0.32043    -0.02133
       484     0.31741    -0.02100
       485     0.31441    -0.02066
       486     0.31142    -0.02035
       487     0.30843    -0.02004
       488     0.30546    -0.01976
       489     0.30249    -0.01950
       490     0.29956    -0.01923
       491     0.29667    -0.01900
       492     0.29379    -0.01877
       493     0.29091    -0.01856
       494     0.28803    -0.01837
       495     0.28516    -0.01818
       496     0.28229    -0.01801
       497     0.27942    -0.01784
       498     0.27654    -0.01770
       499     0.27366    -0.01757
       500     0.27078    -0.01743
       501     0.26789    -0.01733
       502     0.26500    -0.01723
       503     0.26210    -0.01714
       504     0.25919    -0.01707
       505     0.25628    -0.01699
       506     0.25336    -0.01695
       507     0.25042    -0.01691
       508     0.24748    -0.01688
       509     0.24453    -0.01687
       510     0.24156    -0.01687
       511     0.23859    -0.01687
       512     0.23561    -0.01689
       513     0.23265    -0.01693
       514     0.22968    -0.01697
       515     0.22669    -0.01703
       516     0.22369    -0.01710
       517     0.22067    -0.01718
       518     0.21764    -0.01728
       519     0.21460    -0.01739
       520     0.21155    -0.01751
       521     0.20848    -0.01763
       522     0.20540    -0.01778
       523     0.20230    -0.01794
       524     0.19920    -0.01810
       525     0.19608    -0.01829
       526     0.19296    -0.01848
       527     0.18982    -0.01869
       528     0.18668    -0.01890
       529     0.18353    -0.01914
       530     0.18038    -0.01938
       531     0.17722    -0.01964
       532     0.17406    -0.01991
       533     0.17089    -0.02018
       534     0.16773    -0.02047
       535     0.16456    -0.02077
       536     0.16140    -0.02108
       537     0.15824    -0.02140
       538     0.15508    -0.02173
       539     0.15194    -0.02206
       540     0.14879    -0.02241
       541     0.14566    -0.02276
       542     0.14254    -0.02312
       543     0.13943    -0.02349
       544     0.13634    -0.02386
       545     0.13326    -0.02423
       546     0.13020    -0.02461
       547     0.12715    -0.02499
       548     0.12413    -0.02537
       549     0.12113    -0.02576
       550     0.11815    -0.02614
       551     0.11519    -0.02653
       552     0.11226    -0.02691
       553     0.10936    -0.02729
       554     0.10648    -0.02768
       555     0.10364    -0.02805
       556     0.10083    -0.02843
       557     0.09805    -0.02879
       558     0.09530    -0.02915
       559     0.09258    -0.02950
       560     0.08988    -0.02981
       561     0.08720    -0.03008
       562     0.08453    -0.03031
       563     0.08187    -0.03049
       564     0.07922    -0.03062
       565     0.07657    -0.03069
       566     0.07394    -0.03071
       567     0.07132    -0.03067
       568     0.06872    -0.03058
       569     0.06613    -0.03045
       570     0.06356    -0.03026
       571     0.06101    -0.03003
       572     0.05850    -0.02976
       573     0.05601    -0.02944
       574     0.05356    -0.02910
       575     0.05115    -0.02872
       576     0.04878    -0.02832
       577     0.04647    -0.02789
       578     0.04421    -0.02744
       579     0.04202    -0.02700
       580     0.03991    -0.02655
       581     0.03785    -0.02609
       582     0.03587    -0.02563
       583     0.03396    -0.02516
       584     0.03212    -0.02467
       585     0.03035    -0.02418
       586     0.02866    -0.02368
       587     0.02705    -0.02318
       588     0.02551    -0.02267
       589     0.02405    -0.02215
       590     0.02267    -0.02162
       591     0.02136    -0.02107
       592     0.02013    -0.02052
       593     0.01897    -0.01994
       594     0.01789    -0.01936
       595     0.01687    -0.01875
       596     0.01593    -0.01811
       597     0.01505    -0.01744
       598     0.01424    -0.01674
       599     0.01348    -0.01601
       600     0.01312    -0.01563
  LEADING EDGE POINT =           23  TE POINT =         295

  NO OF SUCT S POINTS         273  NO PRESS S POINTS         329
  XMIN,XMAX, XCHORD     5.93104959E-03   1.00014389      0.994212866    

   SUCTION SURFACE POINTS FROM LE TO TE.
         1     0.00593     0.02008
         2     0.00604     0.02250
         3     0.00624     0.02492
         4     0.00651     0.02739
         5     0.00685     0.02987
         6     0.00727     0.03240
         7     0.00776     0.03494
         8     0.00832     0.03750
         9     0.00896     0.04008
        10     0.00968     0.04270
        11     0.01049     0.04531
        12     0.01138     0.04794
        13     0.01235     0.05058
        14     0.01340     0.05322
        15     0.01455     0.05587
        16     0.01577     0.05852
        17     0.01709     0.06118
        18     0.01848     0.06384
        19     0.01996     0.06651
        20     0.02151     0.06922
        21     0.02313     0.07193
        22     0.02481     0.07468
        23     0.02655     0.07746
        24     0.02834     0.08029
        25     0.03018     0.08316
        26     0.03208     0.08607
        27     0.03403     0.08902
        28     0.03604     0.09201
        29     0.03811     0.09504
        30     0.04023     0.09810
        31     0.04242     0.10121
        32     0.04465     0.10435
        33     0.04695     0.10752
        34     0.04931     0.11073
        35     0.05173     0.11397
        36     0.05421     0.11724
        37     0.05675     0.12054
        38     0.05935     0.12387
        39     0.06201     0.12723
        40     0.06475     0.13061
        41     0.06754     0.13405
        42     0.07041     0.13748
        43     0.07334     0.14094
        44     0.07634     0.14442
        45     0.07941     0.14792
        46     0.08255     0.15144
        47     0.08576     0.15497
        48     0.08905     0.15852
        49     0.09241     0.16207
        50     0.09584     0.16564
        51     0.09936     0.16925
        52     0.10295     0.17283
        53     0.10662     0.17641
        54     0.11038     0.18000
        55     0.11421     0.18358
        56     0.11813     0.18716
        57     0.12214     0.19073
        58     0.12623     0.19432
        59     0.13041     0.19787
        60     0.13468     0.20139
        61     0.13903     0.20490
        62     0.14348     0.20837
        63     0.14803     0.21185
        64     0.15266     0.21526
        65     0.15739     0.21863
        66     0.16221     0.22196
        67     0.16713     0.22527
        68     0.17213     0.22848
        69     0.17721     0.23162
        70     0.18238     0.23469
        71     0.18766     0.23774
        72     0.19302     0.24066
        73     0.19848     0.24351
        74     0.20403     0.24630
        75     0.20967     0.24896
        76     0.21541     0.25153
        77     0.22123     0.25402
        78     0.22714     0.25637
        79     0.23314     0.25860
        80     0.23922     0.26075
        81     0.24538     0.26273
        82     0.25162     0.26461
        83     0.25794     0.26632
        84     0.26433     0.26788
        85     0.27079     0.26933
        86     0.27731     0.27058
        87     0.28390     0.27167
        88     0.29054     0.27264
        89     0.29723     0.27341
        90     0.30393     0.27404
        91     0.31065     0.27446
        92     0.31741     0.27471
        93     0.32421     0.27483
        94     0.33103     0.27474
        95     0.33789     0.27451
        96     0.34477     0.27406
        97     0.35166     0.27344
        98     0.35857     0.27268
        99     0.36550     0.27170
       100     0.37243     0.27053
       101     0.37936     0.26923
       102     0.38629     0.26771
       103     0.39322     0.26605
       104     0.40013     0.26416
       105     0.40704     0.26209
       106     0.41393     0.25989
       107     0.42079     0.25746
       108     0.42762     0.25485
       109     0.43443     0.25207
       110     0.44124     0.24915
       111     0.44802     0.24600
       112     0.45477     0.24268
       113     0.46146     0.23925
       114     0.46810     0.23560
       115     0.47469     0.23180
       116     0.48123     0.22785
       117     0.48771     0.22382
       118     0.49412     0.21958
       119     0.50047     0.21521
       120     0.50676     0.21070
       121     0.51299     0.20606
       122     0.51914     0.20137
       123     0.52522     0.19649
       124     0.53123     0.19149
       125     0.53718     0.18639
       126     0.54306     0.18118
       127     0.54887     0.17587
       128     0.55462     0.17046
       129     0.56032     0.16500
       130     0.56597     0.15937
       131     0.57155     0.15366
       132     0.57707     0.14787
       133     0.58253     0.14200
       134     0.58792     0.13606
       135     0.59325     0.13004
       136     0.59852     0.12396
       137     0.60374     0.11782
       138     0.60890     0.11161
       139     0.61401     0.10534
       140     0.61906     0.09900
       141     0.62407     0.09262
       142     0.62903     0.08617
       143     0.63395     0.07967
       144     0.63882     0.07311
       145     0.64365     0.06650
       146     0.64844     0.05983
       147     0.65319     0.05311
       148     0.65790     0.04635
       149     0.66257     0.03953
       150     0.66720     0.03261
       151     0.67180     0.02571
       152     0.67637     0.01875
       153     0.68090     0.01174
       154     0.68541     0.00468
       155     0.68989    -0.00243
       156     0.69434    -0.00958
       157     0.69876    -0.01678
       158     0.70316    -0.02403
       159     0.70752    -0.03133
       160     0.71187    -0.03867
       161     0.71619    -0.04605
       162     0.72048    -0.05353
       163     0.72475    -0.06099
       164     0.72899    -0.06849
       165     0.73321    -0.07603
       166     0.73741    -0.08361
       167     0.74158    -0.09123
       168     0.74573    -0.09888
       169     0.74986    -0.10657
       170     0.75397    -0.11430
       171     0.75805    -0.12205
       172     0.76211    -0.12984
       173     0.76615    -0.13769
       174     0.77016    -0.14552
       175     0.77415    -0.15338
       176     0.77811    -0.16126
       177     0.78206    -0.16916
       178     0.78598    -0.17709
       179     0.78987    -0.18503
       180     0.79375    -0.19298
       181     0.79759    -0.20095
       182     0.80142    -0.20893
       183     0.80522    -0.21695
       184     0.80899    -0.22494
       185     0.81273    -0.23293
       186     0.81645    -0.24093
       187     0.82014    -0.24892
       188     0.82381    -0.25692
       189     0.82745    -0.26491
       190     0.83106    -0.27289
       191     0.83464    -0.28087
       192     0.83820    -0.28884
       193     0.84173    -0.29680
       194     0.84523    -0.30474
       195     0.84871    -0.31269
       196     0.85215    -0.32058
       197     0.85556    -0.32846
       198     0.85895    -0.33631
       199     0.86230    -0.34413
       200     0.86563    -0.35192
       201     0.86892    -0.35968
       202     0.87218    -0.36741
       203     0.87541    -0.37509
       204     0.87861    -0.38274
       205     0.88177    -0.39034
       206     0.88490    -0.39789
       207     0.88800    -0.40540
       208     0.89107    -0.41287
       209     0.89410    -0.42027
       210     0.89709    -0.42761
       211     0.90005    -0.43489
       212     0.90298    -0.44212
       213     0.90587    -0.44928
       214     0.90872    -0.45637
       215     0.91154    -0.46340
       216     0.91432    -0.47035
       217     0.91706    -0.47724
       218     0.91977    -0.48405
       219     0.92243    -0.49078
       220     0.92506    -0.49744
       221     0.92765    -0.50401
       222     0.93020    -0.51050
       223     0.93271    -0.51691
       224     0.93518    -0.52324
       225     0.93762    -0.52946
       226     0.94001    -0.53560
       227     0.94236    -0.54165
       228     0.94467    -0.54761
       229     0.94693    -0.55346
       230     0.94916    -0.55923
       231     0.95135    -0.56489
       232     0.95349    -0.57045
       233     0.95559    -0.57591
       234     0.95765    -0.58127
       235     0.95966    -0.58653
       236     0.96163    -0.59167
       237     0.96356    -0.59672
       238     0.96545    -0.60165
       239     0.96729    -0.60647
       240     0.96908    -0.61119
       241     0.97084    -0.61579
       242     0.97255    -0.62028
       243     0.97421    -0.62466
       244     0.97583    -0.62892
       245     0.97740    -0.63306
       246     0.97893    -0.63709
       247     0.98041    -0.64101
       248     0.98185    -0.64480
       249     0.98324    -0.64848
       250     0.98459    -0.65204
       251     0.98589    -0.65548
       252     0.98714    -0.65880
       253     0.98835    -0.66199
       254     0.98951    -0.66507
       255     0.99063    -0.66802
       256     0.99169    -0.67086
       257     0.99272    -0.67356
       258     0.99369    -0.67615
       259     0.99462    -0.67861
       260     0.99547    -0.68096
       261     0.99622    -0.68321
       262     0.99690    -0.68534
       263     0.99750    -0.68737
       264     0.99803    -0.68928
       265     0.99849    -0.69107
       266     0.99889    -0.69274
       267     0.99924    -0.69429
       268     0.99952    -0.69572
       269     0.99975    -0.69703
       270     0.99993    -0.69821
       271     1.00006    -0.69927
       272     1.00013    -0.70020
       273     1.00014    -0.70101

   PRESSURE SURFACE POINTS FROM LE TO TE.
         1     0.00593     0.02008
         2     0.00596     0.01761
         3     0.00608     0.01514
         4     0.00623     0.01276
         5     0.00638     0.01048
         6     0.00656     0.00830
         7     0.00675     0.00622
         8     0.00695     0.00424
         9     0.00717     0.00235
        10     0.00740     0.00056
        11     0.00766    -0.00114
        12     0.00793    -0.00274
        13     0.00821    -0.00425
        14     0.00853    -0.00568
        15     0.00886    -0.00702
        16     0.00922    -0.00828
        17     0.00962    -0.00947
        18     0.01004    -0.01059
        19     0.01050    -0.01164
        20     0.01101    -0.01262
        21     0.01155    -0.01354
        22     0.01214    -0.01441
        23     0.01245    -0.01484
        24     0.01312    -0.01563
        25     0.01348    -0.01601
        26     0.01424    -0.01674
        27     0.01505    -0.01744
        28     0.01593    -0.01811
        29     0.01687    -0.01875
        30     0.01789    -0.01936
        31     0.01897    -0.01994
        32     0.02013    -0.02052
        33     0.02136    -0.02107
        34     0.02267    -0.02162
        35     0.02405    -0.02215
        36     0.02551    -0.02267
        37     0.02705    -0.02318
        38     0.02866    -0.02368
        39     0.03035    -0.02418
        40     0.03212    -0.02467
        41     0.03396    -0.02516
        42     0.03587    -0.02563
        43     0.03785    -0.02609
        44     0.03991    -0.02655
        45     0.04202    -0.02700
        46     0.04421    -0.02744
        47     0.04647    -0.02789
        48     0.04878    -0.02832
        49     0.05115    -0.02872
        50     0.05356    -0.02910
        51     0.05601    -0.02944
        52     0.05850    -0.02976
        53     0.06101    -0.03003
        54     0.06356    -0.03026
        55     0.06613    -0.03045
        56     0.06872    -0.03058
        57     0.07132    -0.03067
        58     0.07394    -0.03071
        59     0.07657    -0.03069
        60     0.07922    -0.03062
        61     0.08187    -0.03049
        62     0.08453    -0.03031
        63     0.08720    -0.03008
        64     0.08988    -0.02981
        65     0.09258    -0.02950
        66     0.09530    -0.02915
        67     0.09805    -0.02879
        68     0.10083    -0.02843
        69     0.10364    -0.02805
        70     0.10648    -0.02768
        71     0.10936    -0.02729
        72     0.11226    -0.02691
        73     0.11519    -0.02653
        74     0.11815    -0.02614
        75     0.12113    -0.02576
        76     0.12413    -0.02537
        77     0.12715    -0.02499
        78     0.13020    -0.02461
        79     0.13326    -0.02423
        80     0.13634    -0.02386
        81     0.13943    -0.02349
        82     0.14254    -0.02312
        83     0.14566    -0.02276
        84     0.14879    -0.02241
        85     0.15194    -0.02206
        86     0.15508    -0.02173
        87     0.15824    -0.02140
        88     0.16140    -0.02108
        89     0.16456    -0.02077
        90     0.16773    -0.02047
        91     0.17089    -0.02018
        92     0.17406    -0.01991
        93     0.17722    -0.01964
        94     0.18038    -0.01938
        95     0.18353    -0.01914
        96     0.18668    -0.01890
        97     0.18982    -0.01869
        98     0.19296    -0.01848
        99     0.19608    -0.01829
       100     0.19920    -0.01810
       101     0.20230    -0.01794
       102     0.20540    -0.01778
       103     0.20848    -0.01763
       104     0.21155    -0.01751
       105     0.21460    -0.01739
       106     0.21764    -0.01728
       107     0.22067    -0.01718
       108     0.22369    -0.01710
       109     0.22669    -0.01703
       110     0.22968    -0.01697
       111     0.23265    -0.01693
       112     0.23561    -0.01689
       113     0.23859    -0.01687
       114     0.24156    -0.01687
       115     0.24453    -0.01687
       116     0.24748    -0.01688
       117     0.25042    -0.01691
       118     0.25336    -0.01695
       119     0.25628    -0.01699
       120     0.25919    -0.01707
       121     0.26210    -0.01714
       122     0.26500    -0.01723
       123     0.26789    -0.01733
       124     0.27078    -0.01743
       125     0.27366    -0.01757
       126     0.27654    -0.01770
       127     0.27942    -0.01784
       128     0.28229    -0.01801
       129     0.28516    -0.01818
       130     0.28803    -0.01837
       131     0.29091    -0.01856
       132     0.29379    -0.01877
       133     0.29667    -0.01900
       134     0.29956    -0.01923
       135     0.30249    -0.01950
       136     0.30546    -0.01976
       137     0.30843    -0.02004
       138     0.31142    -0.02035
       139     0.31441    -0.02066
       140     0.31741    -0.02100
       141     0.32043    -0.02133
       142     0.32345    -0.02168
       143     0.32649    -0.02207
       144     0.32954    -0.02245
       145     0.33260    -0.02285
       146     0.33568    -0.02329
       147     0.33877    -0.02372
       148     0.34188    -0.02419
       149     0.34501    -0.02466
       150     0.34815    -0.02515
       151     0.35131    -0.02567
       152     0.35449    -0.02620
       153     0.35769    -0.02675
       154     0.36091    -0.02734
       155     0.36412    -0.02792
       156     0.36734    -0.02855
       157     0.37059    -0.02918
       158     0.37387    -0.02983
       159     0.37719    -0.03053
       160     0.38054    -0.03124
       161     0.38393    -0.03197
       162     0.38737    -0.03277
       163     0.39084    -0.03357
       164     0.39437    -0.03440
       165     0.39795    -0.03530
       166     0.40158    -0.03621
       167     0.40527    -0.03716
       168     0.40901    -0.03816
       169     0.41282    -0.03923
       170     0.41668    -0.04032
       171     0.42061    -0.04146
       172     0.42461    -0.04266
       173     0.42867    -0.04394
       174     0.43276    -0.04524
       175     0.43690    -0.04660
       176     0.44112    -0.04802
       177     0.44542    -0.04951
       178     0.44980    -0.05111
       179     0.45426    -0.05275
       180     0.45880    -0.05448
       181     0.46343    -0.05629
       182     0.46814    -0.05819
       183     0.47294    -0.06018
       184     0.47782    -0.06227
       185     0.48278    -0.06446
       186     0.48783    -0.06676
       187     0.49294    -0.06915
       188     0.49813    -0.07166
       189     0.50340    -0.07428
       190     0.50872    -0.07702
       191     0.51411    -0.07988
       192     0.51956    -0.08286
       193     0.52507    -0.08596
       194     0.53063    -0.08920
       195     0.53624    -0.09256
       196     0.54189    -0.09604
       197     0.54757    -0.09966
       198     0.55329    -0.10340
       199     0.55903    -0.10726
       200     0.56479    -0.11125
       201     0.57057    -0.11537
       202     0.57637    -0.11956
       203     0.58217    -0.12392
       204     0.58799    -0.12840
       205     0.59381    -0.13300
       206     0.59963    -0.13772
       207     0.60545    -0.14255
       208     0.61127    -0.14750
       209     0.61708    -0.15256
       210     0.62288    -0.15767
       211     0.62867    -0.16294
       212     0.63445    -0.16830
       213     0.64021    -0.17377
       214     0.64596    -0.17933
       215     0.65168    -0.18499
       216     0.65739    -0.19074
       217     0.66307    -0.19653
       218     0.66873    -0.20244
       219     0.67436    -0.20844
       220     0.67997    -0.21451
       221     0.68555    -0.22067
       222     0.69109    -0.22689
       223     0.69661    -0.23318
       224     0.70210    -0.23949
       225     0.70754    -0.24591
       226     0.71296    -0.25238
       227     0.71834    -0.25891
       228     0.72368    -0.26548
       229     0.72898    -0.27211
       230     0.73425    -0.27878
       231     0.73948    -0.28545
       232     0.74466    -0.29220
       233     0.74980    -0.29897
       234     0.75490    -0.30578
       235     0.75996    -0.31262
       236     0.76498    -0.31947
       237     0.76995    -0.32635
       238     0.77488    -0.33324
       239     0.77977    -0.34012
       240     0.78461    -0.34704
       241     0.78941    -0.35396
       242     0.79416    -0.36089
       243     0.79887    -0.36782
       244     0.80353    -0.37475
       245     0.80814    -0.38168
       246     0.81271    -0.38860
       247     0.81722    -0.39550
       248     0.82169    -0.40236
       249     0.82610    -0.40923
       250     0.83047    -0.41608
       251     0.83478    -0.42290
       252     0.83904    -0.42969
       253     0.84326    -0.43646
       254     0.84742    -0.44319
       255     0.85153    -0.44988
       256     0.85558    -0.45653
       257     0.85959    -0.46313
       258     0.86354    -0.46969
       259     0.86744    -0.47618
       260     0.87128    -0.48264
       261     0.87507    -0.48904
       262     0.87881    -0.49538
       263     0.88249    -0.50167
       264     0.88612    -0.50789
       265     0.88970    -0.51404
       266     0.89322    -0.52013
       267     0.89668    -0.52615
       268     0.90009    -0.53209
       269     0.90344    -0.53796
       270     0.90674    -0.54375
       271     0.90998    -0.54946
       272     0.91317    -0.55509
       273     0.91629    -0.56063
       274     0.91937    -0.56610
       275     0.92238    -0.57147
       276     0.92534    -0.57676
       277     0.92824    -0.58196
       278     0.93108    -0.58706
       279     0.93386    -0.59207
       280     0.93659    -0.59699
       281     0.93925    -0.60181
       282     0.94186    -0.60653
       283     0.94441    -0.61115
       284     0.94690    -0.61567
       285     0.94933    -0.62009
       286     0.95170    -0.62440
       287     0.95401    -0.62861
       288     0.95626    -0.63272
       289     0.95845    -0.63672
       290     0.96058    -0.64061
       291     0.96265    -0.64439
       292     0.96465    -0.64806
       293     0.96660    -0.65163
       294     0.96848    -0.65508
       295     0.97031    -0.65842
       296     0.97207    -0.66165
       297     0.97377    -0.66477
       298     0.97540    -0.66777
       299     0.97698    -0.67066
       300     0.97849    -0.67344
       301     0.97994    -0.67610
       302     0.98132    -0.67864
       303     0.98264    -0.68107
       304     0.98390    -0.68339
       305     0.98513    -0.68557
       306     0.98634    -0.68761
       307     0.98752    -0.68952
       308     0.98866    -0.69131
       309     0.98976    -0.69296
       310     0.99082    -0.69449
       311     0.99182    -0.69589
       312     0.99278    -0.69717
       313     0.99367    -0.69833
       314     0.99451    -0.69936
       315     0.99529    -0.70028
       316     0.99602    -0.70107
       317     0.99668    -0.70174
       318     0.99728    -0.70228
       319     0.99783    -0.70271
       320     0.99831    -0.70301
       321     0.99874    -0.70319
       322     0.99911    -0.70325
       323     0.99928    -0.70325
       324     0.99956    -0.70313
       325     0.99967    -0.70300
       326     0.99987    -0.70269
       327     1.00002    -0.70225
       328     1.00011    -0.70169
       329     1.00014    -0.70101
  POINTS ON THE BLADE TO BE USED FOR PLOTTING 
  AND FINAL INTERPOLATION 
  N           X          YUP        YLOW        THICK 
    1      0.0000      0.0202      0.0202      0.0000
    2      0.0000      0.0208      0.0177      0.0031
    3      0.0001      0.0226      0.0161      0.0065
    4      0.0002      0.0243      0.0136      0.0107
    5      0.0004      0.0263      0.0108      0.0155
    6      0.0007      0.0284      0.0077      0.0206
    7      0.0010      0.0305      0.0046      0.0259
    8      0.0014      0.0326      0.0016      0.0311
    9      0.0018      0.0348     -0.0013      0.0361
   10      0.0022      0.0370     -0.0039      0.0409
   11      0.0028      0.0391     -0.0063      0.0454
   12      0.0033      0.0414     -0.0084      0.0498
   13      0.0040      0.0436     -0.0102      0.0538
   14      0.0047      0.0458     -0.0118      0.0576
   15      0.0054      0.0480     -0.0132      0.0612
   16      0.0062      0.0502     -0.0144      0.0646
   17      0.0070      0.0524     -0.0155      0.0679
   18      0.0080      0.0545     -0.0165      0.0710
   19      0.0089      0.0567     -0.0173      0.0741
   20      0.0099      0.0589     -0.0181      0.0770
   21      0.0110      0.0611     -0.0189      0.0799
   22      0.0121      0.0633     -0.0195      0.0828
   23      0.0133      0.0654     -0.0202      0.0856
   24      0.0145      0.0676     -0.0208      0.0884
   25      0.0158      0.0699     -0.0213      0.0912
   26      0.0172      0.0721     -0.0219      0.0940
   27      0.0185      0.0744     -0.0224      0.0968
   28      0.0200      0.0767     -0.0229      0.0996
   29      0.0215      0.0791     -0.0234      0.1025
   30      0.0230      0.0815     -0.0239      0.1054
   31      0.0246      0.0840     -0.0243      0.1084
   32      0.0263      0.0866     -0.0248      0.1113
   33      0.0280      0.0891     -0.0253      0.1144
   34      0.0298      0.0918     -0.0257      0.1174
   35      0.0316      0.0944     -0.0261      0.1205
   36      0.0334      0.0971     -0.0265      0.1237
   37      0.0353      0.0999     -0.0270      0.1268
   38      0.0373      0.1027     -0.0274      0.1300
   39      0.0393      0.1055     -0.0278      0.1332
   40      0.0414      0.1083     -0.0282      0.1365
   41      0.0435      0.1112     -0.0286      0.1398
   42      0.0457      0.1141     -0.0289      0.1430
   43      0.0479      0.1171     -0.0293      0.1463
   44      0.0502      0.1200     -0.0296      0.1496
   45      0.0525      0.1230     -0.0299      0.1529
   46      0.0549      0.1260     -0.0301      0.1562
   47      0.0573      0.1290     -0.0304      0.1594
   48      0.0597      0.1321     -0.0306      0.1627
   49      0.0623      0.1352     -0.0307      0.1659
   50      0.0648      0.1382     -0.0308      0.1691
   51      0.0674      0.1413     -0.0309      0.1722
   52      0.0701      0.1444     -0.0309      0.1753
   53      0.0728      0.1475     -0.0308      0.1783
   54      0.0755      0.1506     -0.0307      0.1813
   55      0.0783      0.1537     -0.0305      0.1843
   56      0.0812      0.1568     -0.0303      0.1871
   57      0.0841      0.1599     -0.0300      0.1900
   58      0.0870      0.1631     -0.0297      0.1927
   59      0.0900      0.1662     -0.0293      0.1955
   60      0.0930      0.1693     -0.0289      0.1982
   61      0.0961      0.1724     -0.0285      0.2009
   62      0.0992      0.1754     -0.0281      0.2035
   63      0.1024      0.1785     -0.0277      0.2062
   64      0.1056      0.1816     -0.0272      0.2088
   65      0.1089      0.1846     -0.0268      0.2114
   66      0.1121      0.1876     -0.0264      0.2140
   67      0.1155      0.1906     -0.0260      0.2165
   68      0.1189      0.1936     -0.0255      0.2191
   69      0.1223      0.1965     -0.0251      0.2216
   70      0.1257      0.1995     -0.0247      0.2241
   71      0.1292      0.2024     -0.0242      0.2266
   72      0.1328      0.2052     -0.0238      0.2290
   73      0.1364      0.2080     -0.0234      0.2314
   74      0.1400      0.2109     -0.0230      0.2338
   75      0.1437      0.2136     -0.0225      0.2362
   76      0.1474      0.2164     -0.0221      0.2385
   77      0.1511      0.2190     -0.0217      0.2408
   78      0.1549      0.2217     -0.0214      0.2430
   79      0.1587      0.2243     -0.0210      0.2453
   80      0.1626      0.2269     -0.0206      0.2475
   81      0.1665      0.2294     -0.0203      0.2496
   82      0.1704      0.2318     -0.0199      0.2517
   83      0.1744      0.2342     -0.0196      0.2538
   84      0.1784      0.2366     -0.0193      0.2558
   85      0.1824      0.2389     -0.0190      0.2579
   86      0.1865      0.2411     -0.0187      0.2598
   87      0.1906      0.2433     -0.0184      0.2618
   88      0.1948      0.2455     -0.0182      0.2637
   89      0.1989      0.2476     -0.0180      0.2655
   90      0.2031      0.2496     -0.0178      0.2673
   91      0.2074      0.2515     -0.0176      0.2691
   92      0.2117      0.2534     -0.0174      0.2708
   93      0.2160      0.2553     -0.0173      0.2725
   94      0.2203      0.2570     -0.0172      0.2742
   95      0.2247      0.2587     -0.0171      0.2757
   96      0.2291      0.2603     -0.0170      0.2773
   97      0.2335      0.2619     -0.0170      0.2788
   98      0.2380      0.2633     -0.0170      0.2803
   99      0.2425      0.2647     -0.0170      0.2817
  100      0.2470      0.2661     -0.0170      0.2831
  101      0.2515      0.2673     -0.0171      0.2844
  102      0.2561      0.2685     -0.0172      0.2857
  103      0.2607      0.2696     -0.0173      0.2869
  104      0.2653      0.2707     -0.0175      0.2881
  105      0.2700      0.2716     -0.0177      0.2893
  106      0.2746      0.2724     -0.0179      0.2904
  107      0.2793      0.2732     -0.0182      0.2914
  108      0.2841      0.2739     -0.0185      0.2924
  109      0.2888      0.2745     -0.0188      0.2934
  110      0.2936      0.2751     -0.0192      0.2943
  111      0.2984      0.2755     -0.0196      0.2951
  112      0.3032      0.2759     -0.0201      0.2959
  113      0.3081      0.2761     -0.0206      0.2967
  114      0.3129      0.2763     -0.0211      0.2974
  115      0.3178      0.2764     -0.0216      0.2980
  116      0.3227      0.2764     -0.0222      0.2986
  117      0.3276      0.2763     -0.0229      0.2992
  118      0.3326      0.2762     -0.0235      0.2997
  119      0.3375      0.2759     -0.0243      0.3001
  120      0.3425      0.2755     -0.0250      0.3005
  121      0.3475      0.2751     -0.0258      0.3009
  122      0.3525      0.2745     -0.0267      0.3012
  123      0.3575      0.2739     -0.0276      0.3015
  124      0.3626      0.2731     -0.0285      0.3017
  125      0.3676      0.2723     -0.0295      0.3018
  126      0.3727      0.2713     -0.0306      0.3019
  127      0.3778      0.2703     -0.0316      0.3020
  128      0.3829      0.2692     -0.0328      0.3020
  129      0.3880      0.2680     -0.0340      0.3019
  130      0.3931      0.2666     -0.0352      0.3018
  131      0.3983      0.2652     -0.0365      0.3017
  132      0.4034      0.2636     -0.0378      0.3015
  133      0.4086      0.2620     -0.0393      0.3012
  134      0.4138      0.2602     -0.0407      0.3009
  135      0.4189      0.2583     -0.0423      0.3006
  136      0.4241      0.2563     -0.0439      0.3002
  137      0.4293      0.2542     -0.0455      0.2997
  138      0.4345      0.2520     -0.0472      0.2992
  139      0.4397      0.2497     -0.0490      0.2987
  140      0.4450      0.2473     -0.0509      0.2981
  141      0.4502      0.2447     -0.0528      0.2975
  142      0.4554      0.2421     -0.0548      0.2968
  143      0.4606      0.2393     -0.0568      0.2961
  144      0.4659      0.2364     -0.0589      0.2953
  145      0.4711      0.2334     -0.0611      0.2945
  146      0.4764      0.2302     -0.0634      0.2936
  147      0.4816      0.2270     -0.0657      0.2927
  148      0.4869      0.2236     -0.0682      0.2918
  149      0.4921      0.2201     -0.0707      0.2908
  150      0.4974      0.2165     -0.0732      0.2897
  151      0.5026      0.2127     -0.0759      0.2886
  152      0.5079      0.2088     -0.0786      0.2875
  153      0.5131      0.2049     -0.0814      0.2863
  154      0.5184      0.2008     -0.0843      0.2851
  155      0.5236      0.1965     -0.0873      0.2839
  156      0.5289      0.1922     -0.0904      0.2826
  157      0.5341      0.1877     -0.0935      0.2812
  158      0.5394      0.1830     -0.0968      0.2798
  159      0.5446      0.1783     -0.1001      0.2784
  160      0.5498      0.1734     -0.1035      0.2769
  161      0.5550      0.1684     -0.1070      0.2754
  162      0.5603      0.1633     -0.1106      0.2739
  163      0.5655      0.1581     -0.1143      0.2724
  164      0.5707      0.1527     -0.1180      0.2707
  165      0.5759      0.1472     -0.1219      0.2691
  166      0.5811      0.1416     -0.1258      0.2674
  167      0.5862      0.1359     -0.1298      0.2657
  168      0.5914      0.1300     -0.1339      0.2639
  169      0.5966      0.1241     -0.1381      0.2621
  170      0.6017      0.1180     -0.1423      0.2603
  171      0.6069      0.1118     -0.1467      0.2584
  172      0.6120      0.1055     -0.1511      0.2566
  173      0.6171      0.0991     -0.1556      0.2546
  174      0.6222      0.0925     -0.1601      0.2527
  175      0.6273      0.0859     -0.1647      0.2507
  176      0.6324      0.0792     -0.1695      0.2487
  177      0.6374      0.0724     -0.1743      0.2466
  178      0.6425      0.0654     -0.1791      0.2446
  179      0.6475      0.0584     -0.1841      0.2425
  180      0.6525      0.0513     -0.1891      0.2404
  181      0.6575      0.0441     -0.1941      0.2382
  182      0.6625      0.0367     -0.1993      0.2360
  183      0.6674      0.0293     -0.2045      0.2338
  184      0.6724      0.0218     -0.2097      0.2316
  185      0.6773      0.0143     -0.2150      0.2293
  186      0.6822      0.0066     -0.2204      0.2271
  187      0.6871     -0.0011     -0.2259      0.2248
  188      0.6919     -0.0089     -0.2314      0.2225
  189      0.6968     -0.0168     -0.2369      0.2202
  190      0.7016     -0.0247     -0.2425      0.2178
  191      0.7064     -0.0327     -0.2482      0.2154
  192      0.7112     -0.0408     -0.2539      0.2131
  193      0.7159     -0.0490     -0.2597      0.2107
  194      0.7207     -0.0572     -0.2655      0.2082
  195      0.7254     -0.0655     -0.2713      0.2058
  196      0.7300     -0.0738     -0.2772      0.2034
  197      0.7347     -0.0822     -0.2831      0.2009
  198      0.7393     -0.0906     -0.2891      0.1984
  199      0.7439     -0.0991     -0.2951      0.1960
  200      0.7485     -0.1076     -0.3011      0.1935
  201      0.7530     -0.1162     -0.3072      0.1910
  202      0.7575     -0.1248     -0.3133      0.1885
  203      0.7620     -0.1334     -0.3194      0.1860
  204      0.7665     -0.1421     -0.3255      0.1834
  205      0.7709     -0.1508     -0.3317      0.1809
  206      0.7753     -0.1595     -0.3378      0.1783
  207      0.7797     -0.1682     -0.3440      0.1758
  208      0.7840     -0.1770     -0.3502      0.1732
  209      0.7883     -0.1858     -0.3565      0.1707
  210      0.7926     -0.1946     -0.3627      0.1681
  211      0.7969     -0.2033     -0.3689      0.1656
  212      0.8011     -0.2122     -0.3752      0.1630
  213      0.8052     -0.2210     -0.3815      0.1605
  214      0.8094     -0.2298     -0.3877      0.1579
  215      0.8135     -0.2386     -0.3940      0.1554
  216      0.8176     -0.2474     -0.4002      0.1528
  217      0.8216     -0.2562     -0.4064      0.1502
  218      0.8256     -0.2650     -0.4127      0.1477
  219      0.8296     -0.2737     -0.4189      0.1452
  220      0.8335     -0.2825     -0.4251      0.1426
  221      0.8374     -0.2912     -0.4313      0.1401
  222      0.8413     -0.2999     -0.4375      0.1376
  223      0.8451     -0.3086     -0.4437      0.1351
  224      0.8489     -0.3173     -0.4498      0.1326
  225      0.8526     -0.3259     -0.4559      0.1301
  226      0.8563     -0.3344     -0.4620      0.1276
  227      0.8600     -0.3430     -0.4681      0.1251
  228      0.8636     -0.3514     -0.4741      0.1227
  229      0.8672     -0.3599     -0.4801      0.1202
  230      0.8708     -0.3683     -0.4861      0.1178
  231      0.8743     -0.3766     -0.4920      0.1154
  232      0.8777     -0.3849     -0.4979      0.1130
  233      0.8811     -0.3931     -0.5037      0.1106
  234      0.8845     -0.4012     -0.5095      0.1082
  235      0.8879     -0.4093     -0.5152      0.1059
  236      0.8911     -0.4174     -0.5209      0.1035
  237      0.8944     -0.4253     -0.5265      0.1012
  238      0.8976     -0.4332     -0.5321      0.0989
  239      0.9008     -0.4410     -0.5376      0.0967
  240      0.9039     -0.4487     -0.5431      0.0944
  241      0.9070     -0.4563     -0.5485      0.0922
  242      0.9100     -0.4639     -0.5539      0.0900
  243      0.9130     -0.4713     -0.5591      0.0878
  244      0.9159     -0.4787     -0.5643      0.0856
  245      0.9188     -0.4860     -0.5695      0.0835
  246      0.9217     -0.4932     -0.5746      0.0814
  247      0.9245     -0.5003     -0.5796      0.0793
  248      0.9272     -0.5073     -0.5845      0.0773
  249      0.9299     -0.5141     -0.5894      0.0752
  250      0.9326     -0.5209     -0.5942      0.0732
  251      0.9352     -0.5276     -0.5989      0.0712
  252      0.9377     -0.5342     -0.6035      0.0693
  253      0.9403     -0.5407     -0.6080      0.0674
  254      0.9427     -0.5470     -0.6125      0.0655
  255      0.9451     -0.5532     -0.6169      0.0637
  256      0.9475     -0.5594     -0.6212      0.0618
  257      0.9498     -0.5654     -0.6254      0.0601
  258      0.9521     -0.5712     -0.6295      0.0583
  259      0.9543     -0.5770     -0.6336      0.0566
  260      0.9565     -0.5827     -0.6375      0.0549
  261      0.9586     -0.5882     -0.6414      0.0532
  262      0.9607     -0.5936     -0.6452      0.0516
  263      0.9627     -0.5988     -0.6489      0.0500
  264      0.9647     -0.6040     -0.6525      0.0485
  265      0.9666     -0.6090     -0.6560      0.0470
  266      0.9684     -0.6139     -0.6594      0.0455
  267      0.9702     -0.6186     -0.6627      0.0441
  268      0.9720     -0.6233     -0.6660      0.0427
  269      0.9737     -0.6278     -0.6691      0.0413
  270      0.9754     -0.6321     -0.6721      0.0400
  271      0.9770     -0.6363     -0.6751      0.0387
  272      0.9785     -0.6404     -0.6779      0.0375
  273      0.9800     -0.6444     -0.6807      0.0363
  274      0.9815     -0.6482     -0.6833      0.0351
  275      0.9828     -0.6519     -0.6859      0.0340
  276      0.9842     -0.6554     -0.6883      0.0329
  277      0.9855     -0.6588     -0.6905      0.0317
  278      0.9867     -0.6620     -0.6926      0.0305
  279      0.9879     -0.6652     -0.6944      0.0293
  280      0.9890     -0.6681     -0.6962      0.0280
  281      0.9901     -0.6710     -0.6977      0.0268
  282      0.9911     -0.6737     -0.6992      0.0255
  283      0.9920     -0.6762     -0.7005      0.0243
  284      0.9930     -0.6786     -0.7017      0.0231
  285      0.9938     -0.6809     -0.7028      0.0219
  286      0.9946     -0.6830     -0.7037      0.0207
  287      0.9953     -0.6851     -0.7046      0.0195
  288      0.9960     -0.6871     -0.7053      0.0182
  289      0.9967     -0.6891     -0.7060      0.0169
  290      0.9972     -0.6910     -0.7065      0.0154
  291      0.9978     -0.6929     -0.7069      0.0139
  292      0.9982     -0.6947     -0.7071      0.0124
  293      0.9986     -0.6964     -0.7073      0.0109
  294      0.9990     -0.6980     -0.7073      0.0094
  295      0.9993     -0.6994     -0.7073      0.0078
  296      0.9996     -0.7008     -0.7070      0.0062
  297      0.9998     -0.7020     -0.7067      0.0047
  298      0.9999     -0.7032     -0.7062      0.0031
  299      1.0000     -0.7041     -0.7056      0.0015
  300      1.0000     -0.7051     -0.7051      0.0000
 GRID EXPANSION RATIO UP=    1.17215 DOWN =    1.11561
  AXIAL,TANGENTIAL AND RADIAL COORDINATES ON THE STREAM
  SURFACE BEFORE TRANSFORMING TO R-THETA COORDINATES 
 J, XGRID,YGRID,RGRID            1   5.99999912E-02  -6.27499120E-03  0.500000060    
 J, XGRID,YGRID,RGRID            2   6.16180040E-02  -5.14204986E-03  0.500000060    
 J, XGRID,YGRID,RGRID            3   6.29983693E-02  -4.17549675E-03  0.500000000    
 J, XGRID,YGRID,RGRID            4   6.41760230E-02  -3.35089583E-03  0.500000000    
 J, XGRID,YGRID,RGRID            5   6.51807263E-02  -2.64739874E-03  0.500000000    
 J, XGRID,YGRID,RGRID            6   6.60378784E-02  -2.04722001E-03  0.500000000    
 J, XGRID,YGRID,RGRID            7   6.67691305E-02  -1.53518596E-03  0.499999970    
 J, XGRID,YGRID,RGRID            8   6.73929974E-02  -1.09835109E-03  0.500000000    
 J, XGRID,YGRID,RGRID            9   6.79252446E-02  -7.25671533E-04  0.500000000    
 J, XGRID,YGRID,RGRID           10   6.83793128E-02  -4.07725049E-04  0.500000000    
 J, XGRID,YGRID,RGRID           11   6.87667131E-02  -1.36473391E-04  0.500000000    
 J, XGRID,YGRID,RGRID           12   6.90971911E-02   9.49411842E-05  0.499999940    
 J, XGRID,YGRID,RGRID           13   6.93791583E-02   2.92369339E-04  0.500000000    
 J, XGRID,YGRID,RGRID           14   6.96197078E-02   4.60802403E-04  0.500000000    
 J, XGRID,YGRID,RGRID           15   6.98249191E-02   6.04498782E-04  0.500000000    
 J, XGRID,YGRID,RGRID           16   7.00000003E-02   7.27091334E-04  0.500000000    
 J, XGRID,YGRID,RGRID           17   7.01750815E-02   2.09770980E-03  0.500000000    
 J, XGRID,YGRID,RGRID           18   7.03572929E-02   2.63004843E-03  0.500000000    
 J, XGRID,YGRID,RGRID           19   7.05565959E-02   3.06723639E-03  0.499999940    
 J, XGRID,YGRID,RGRID           20   7.07801059E-02   3.47526022E-03  0.500000000    
 J, XGRID,YGRID,RGRID           21   7.10319951E-02   3.88770015E-03  0.499999940    
 J, XGRID,YGRID,RGRID           22   7.13132173E-02   4.32563713E-03  0.499999940    
 J, XGRID,YGRID,RGRID           23   7.16142282E-02   4.77325637E-03  0.500000000    
 J, XGRID,YGRID,RGRID           24   7.19313622E-02   5.22512291E-03  0.500000000    
 J, XGRID,YGRID,RGRID           25   7.22617134E-02   5.67618618E-03  0.499999940    
 J, XGRID,YGRID,RGRID           26   7.26031512E-02   6.12298865E-03  0.499999970    
 J, XGRID,YGRID,RGRID           27   7.29549155E-02   6.56495336E-03  0.499999940    
 J, XGRID,YGRID,RGRID           28   7.33231753E-02   7.00959470E-03  0.500000060    
 J, XGRID,YGRID,RGRID           29   7.37084150E-02   7.45354826E-03  0.499999970    
 J, XGRID,YGRID,RGRID           30   7.41110966E-02   7.89759681E-03  0.499999911    
 J, XGRID,YGRID,RGRID           31   7.45315626E-02   8.34019016E-03  0.500000000    
 J, XGRID,YGRID,RGRID           32   7.49700293E-02   8.78037419E-03  0.500000000    
 J, XGRID,YGRID,RGRID           33   7.54266530E-02   9.21506435E-03  0.499999940    
 J, XGRID,YGRID,RGRID           34   7.59014934E-02   9.64246877E-03  0.500000060    
 J, XGRID,YGRID,RGRID           35   7.63944760E-02   1.00623695E-02  0.499999970    
 J, XGRID,YGRID,RGRID           36   7.69054592E-02   1.04694106E-02  0.499999940    
 J, XGRID,YGRID,RGRID           37   7.74338916E-02   1.08649600E-02  0.500000000    
 J, XGRID,YGRID,RGRID           38   7.79779106E-02   1.12422174E-02  0.499999970    
 J, XGRID,YGRID,RGRID           39   7.85370618E-02   1.16007682E-02  0.499999970    
 J, XGRID,YGRID,RGRID           40   7.91108683E-02   1.19397724E-02  0.499999970    
 J, XGRID,YGRID,RGRID           41   7.96988010E-02   1.22536495E-02  0.499999881    
 J, XGRID,YGRID,RGRID           42   8.03003386E-02   1.25443731E-02  0.499999940    
 J, XGRID,YGRID,RGRID           43   8.09149295E-02   1.28099611E-02  0.500000000    
 J, XGRID,YGRID,RGRID           44   8.15419480E-02   1.30466018E-02  0.499999970    
 J, XGRID,YGRID,RGRID           45   8.21808204E-02   1.32551184E-02  0.500000000    
 J, XGRID,YGRID,RGRID           46   8.28308910E-02   1.34317372E-02  0.500000060    
 J, XGRID,YGRID,RGRID           47   8.34915116E-02   1.35776456E-02  0.500000000    
 J, XGRID,YGRID,RGRID           48   8.41619894E-02   1.36897052E-02  0.500000000    
 J, XGRID,YGRID,RGRID           49   8.48416239E-02   1.37685183E-02  0.499999940    
 J, XGRID,YGRID,RGRID           50   8.55297074E-02   1.38108749E-02  0.499999970    
 J, XGRID,YGRID,RGRID           51   8.62254351E-02   1.38187576E-02  0.499999881    
 J, XGRID,YGRID,RGRID           52   8.69281292E-02   1.37901548E-02  0.500000000    
 J, XGRID,YGRID,RGRID           53   8.76369923E-02   1.37240048E-02  0.500000060    
 J, XGRID,YGRID,RGRID           54   8.83512050E-02   1.36189992E-02  0.500000060    
 J, XGRID,YGRID,RGRID           55   8.90699103E-02   1.34764500E-02  0.500000000    
 J, XGRID,YGRID,RGRID           56   8.97922367E-02   1.32931583E-02  0.500000060    
 J, XGRID,YGRID,RGRID           57   9.05172527E-02   1.30692441E-02  0.500000000    
 J, XGRID,YGRID,RGRID           58   9.12440494E-02   1.28021082E-02  0.500000060    
 J, XGRID,YGRID,RGRID           59   9.19716507E-02   1.24927890E-02  0.499999970    
 J, XGRID,YGRID,RGRID           60   9.26990807E-02   1.21396594E-02  0.500000060    
 J, XGRID,YGRID,RGRID           61   9.34252888E-02   1.17445569E-02  0.500000000    
 J, XGRID,YGRID,RGRID           62   9.41492692E-02   1.13052055E-02  0.499999940    
 J, XGRID,YGRID,RGRID           63   9.48699564E-02   1.08238142E-02  0.499999970    
 J, XGRID,YGRID,RGRID           64   9.55862403E-02   1.02975285E-02  0.500000000    
 J, XGRID,YGRID,RGRID           65   9.62970108E-02   9.73137747E-03  0.500000000    
 J, XGRID,YGRID,RGRID           66   9.70010906E-02   9.12155677E-03  0.499999940    
 J, XGRID,YGRID,RGRID           67   9.76950973E-02   8.47582426E-03  0.499999970    
 J, XGRID,YGRID,RGRID           68   9.83758718E-02   7.79901398E-03  0.499999940    
 J, XGRID,YGRID,RGRID           69   9.90428030E-02   7.09140021E-03  0.499999940    
 J, XGRID,YGRID,RGRID           70   9.96953920E-02   6.35775365E-03  0.499999970    
 J, XGRID,YGRID,RGRID           71  0.100333333       5.60114486E-03  0.500000000    
 J, XGRID,YGRID,RGRID           72  0.100956470       4.82474919E-03  0.500000000    
 J, XGRID,YGRID,RGRID           73  0.101564810       4.03130241E-03  0.500000000    
 J, XGRID,YGRID,RGRID           74  0.102158532       3.22324084E-03  0.499999970    
 J, XGRID,YGRID,RGRID           75  0.102737948       2.40275799E-03  0.499999940    
 J, XGRID,YGRID,RGRID           76  0.103303552       1.56887108E-03  0.500000000    
 J, XGRID,YGRID,RGRID           77  0.103858277       7.24372745E-04  0.500000000    
 J, XGRID,YGRID,RGRID           78  0.104404315      -1.34313304E-04  0.500000000    
 J, XGRID,YGRID,RGRID           79  0.104942247      -1.00719172E-03  0.500000000    
 J, XGRID,YGRID,RGRID           80  0.105472639      -1.89441640E-03  0.500000060    
 J, XGRID,YGRID,RGRID           81  0.105995871      -2.79732468E-03  0.499999911    
 J, XGRID,YGRID,RGRID           82  0.106512412      -3.71061196E-03  0.500000000    
 J, XGRID,YGRID,RGRID           83  0.107022531      -4.63578245E-03  0.500000000    
 J, XGRID,YGRID,RGRID           84  0.107526451      -5.57278981E-03  0.499999970    
 J, XGRID,YGRID,RGRID           85  0.108024374      -6.52141543E-03  0.500000060    
 J, XGRID,YGRID,RGRID           86  0.108516373      -7.48116942E-03  0.500000000    
 J, XGRID,YGRID,RGRID           87  0.109001651      -8.44630320E-03  0.500000000    
 J, XGRID,YGRID,RGRID           88  0.109479830      -9.41695552E-03  0.500000000    
 J, XGRID,YGRID,RGRID           89  0.109950960      -1.03926705E-02  0.500000000    
 J, XGRID,YGRID,RGRID           90  0.110415019      -1.13735078E-02  0.500000000    
 J, XGRID,YGRID,RGRID           91  0.110871986      -1.23550845E-02  0.500000000    
 J, XGRID,YGRID,RGRID           92  0.111321896      -1.33382771E-02  0.500000000    
 J, XGRID,YGRID,RGRID           93  0.111764729      -1.43219894E-02  0.500000060    
 J, XGRID,YGRID,RGRID           94  0.112200484      -1.53056728E-02  0.500000000    
 J, XGRID,YGRID,RGRID           95  0.112629168      -1.62884798E-02  0.500000060    
 J, XGRID,YGRID,RGRID           96  0.113050759      -1.72672253E-02  0.500000000    
 J, XGRID,YGRID,RGRID           97  0.113465317      -1.82420965E-02  0.500000060    
 J, XGRID,YGRID,RGRID           98  0.113872729      -1.92120336E-02  0.500000000    
 J, XGRID,YGRID,RGRID           99  0.114273094      -2.01763343E-02  0.500000060    
 J, XGRID,YGRID,RGRID          100  0.114666365      -2.11345926E-02  0.500000000    
 J, XGRID,YGRID,RGRID          101  0.115052566      -2.20840033E-02  0.500000060    
 J, XGRID,YGRID,RGRID          102  0.115431689      -2.30247192E-02  0.500000060    
 J, XGRID,YGRID,RGRID          103  0.115803733      -2.39558350E-02  0.500000000    
 J, XGRID,YGRID,RGRID          104  0.116168723      -2.48765275E-02  0.500000060    
 J, XGRID,YGRID,RGRID          105  0.116526648      -2.57861149E-02  0.500000060    
 J, XGRID,YGRID,RGRID          106  0.116877511      -2.66841091E-02  0.500000060    
 J, XGRID,YGRID,RGRID          107  0.117221311      -2.75689736E-02  0.500000000    
 J, XGRID,YGRID,RGRID          108  0.117558107      -2.84405071E-02  0.500000060    
 J, XGRID,YGRID,RGRID          109  0.117887840      -2.92980503E-02  0.500000000    
 J, XGRID,YGRID,RGRID          110  0.118210562      -3.01410649E-02  0.500000060    
 J, XGRID,YGRID,RGRID          111  0.118526280      -3.09690032E-02  0.500000060    
 J, XGRID,YGRID,RGRID          112  0.118834987      -3.17813382E-02  0.500000060    
 J, XGRID,YGRID,RGRID          113  0.119136706      -3.25776301E-02  0.500000060    
 J, XGRID,YGRID,RGRID          114  0.119431429      -3.33574452E-02  0.500000000    
 J, XGRID,YGRID,RGRID          115  0.119719200      -3.41207720E-02  0.500000060    
 J, XGRID,YGRID,RGRID          116  0.120000049      -3.52552868E-02  0.500000119    
 J, XGRID,YGRID,RGRID          117  0.120280847      -3.59497480E-02  0.500000060    
 J, XGRID,YGRID,RGRID          118  0.120594136      -3.67251448E-02  0.500000060    
 J, XGRID,YGRID,RGRID          119  0.120943613      -3.75901796E-02  0.500000000    
 J, XGRID,YGRID,RGRID          120  0.121333525      -3.85552160E-02  0.500000060    
 J, XGRID,YGRID,RGRID          121  0.121768504      -3.96318212E-02  0.500000060    
 J, XGRID,YGRID,RGRID          122  0.122253746      -4.08328846E-02  0.499999970    
 J, XGRID,YGRID,RGRID          123  0.122795105      -4.21727970E-02  0.500000000    
 J, XGRID,YGRID,RGRID          124  0.123399049      -4.36676107E-02  0.500000000    
 J, XGRID,YGRID,RGRID          125  0.124072820      -4.53352369E-02  0.500000000    
 J, XGRID,YGRID,RGRID          126  0.124824502      -4.71956469E-02  0.500000060    
 J, XGRID,YGRID,RGRID          127  0.125663042      -4.92711291E-02  0.500000060    
 J, XGRID,YGRID,RGRID          128  0.126598492      -5.15865535E-02  0.499999911    
 J, XGRID,YGRID,RGRID          129  0.127642155      -5.41696511E-02  0.499999970    
 J, XGRID,YGRID,RGRID          130  0.128806427      -5.70513681E-02  0.499999911    
 J, XGRID,YGRID,RGRID          131  0.130105346      -6.02662303E-02  0.500000060    
 J, XGRID,YGRID,RGRID          132  0.131554425      -6.38527498E-02  0.500000060    
 J, XGRID,YGRID,RGRID          133  0.133170933      -6.78538829E-02  0.499999881    
 J, XGRID,YGRID,RGRID          134  0.134974390      -7.23175704E-02  0.499999940    
 J, XGRID,YGRID,RGRID          135  0.136986345      -7.72972926E-02  0.500000179    
 J, XGRID,YGRID,RGRID          136  0.139230847      -8.28526914E-02  0.499999881    
 J, XGRID,YGRID,RGRID          137  0.141734853      -8.90503302E-02  0.499999881    
 J, XGRID,YGRID,RGRID          138  0.144528359      -9.59644467E-02  0.500000000    
 J, XGRID,YGRID,RGRID          139  0.147644803     -0.103677876      0.500000000    
 J, XGRID,YGRID,RGRID          140  0.151121527     -0.112283021      0.500000358    
 J, XGRID,YGRID,RGRID          141  0.155000061     -0.121882968      0.500000000    

  THE BLADE CENTROID ON THE X-Y SURFACE IS AT X, Y=    0.09251   0.00003


  THE J VALUE OF THE CENTROID IS J =           60

  THE CENTROID ON THE STREAM SURFACE IS AT   9.25086811E-02   0.00000000    
  THE HUB SECTION CENTROID IS AT   9.25086811E-02   0.00000000    

  AXIAL & RADIAL COORDINATES ON THE SS AFTER STACKING 
  J  , XGRID,RGRID            1   5.99999912E-02  0.500000060    
  J  , XGRID,RGRID            2   6.16180040E-02  0.500000060    
  J  , XGRID,RGRID            3   6.29983693E-02  0.500000000    
  J  , XGRID,RGRID            4   6.41760230E-02  0.500000000    
  J  , XGRID,RGRID            5   6.51807263E-02  0.500000000    
  J  , XGRID,RGRID            6   6.60378784E-02  0.500000000    
  J  , XGRID,RGRID            7   6.67691305E-02  0.499999970    
  J  , XGRID,RGRID            8   6.73929974E-02  0.500000000    
  J  , XGRID,RGRID            9   6.79252446E-02  0.500000000    
  J  , XGRID,RGRID           10   6.83793128E-02  0.500000000    
  J  , XGRID,RGRID           11   6.87667131E-02  0.500000000    
  J  , XGRID,RGRID           12   6.90971911E-02  0.499999940    
  J  , XGRID,RGRID           13   6.93791583E-02  0.500000000    
  J  , XGRID,RGRID           14   6.96197078E-02  0.500000000    
  J  , XGRID,RGRID           15   6.98249191E-02  0.500000000    
  J  , XGRID,RGRID           16   7.00000003E-02  0.500000000    
  J  , XGRID,RGRID           17   7.01750815E-02  0.500000000    
  J  , XGRID,RGRID           18   7.03572929E-02  0.500000000    
  J  , XGRID,RGRID           19   7.05565959E-02  0.499999940    
  J  , XGRID,RGRID           20   7.07801059E-02  0.500000000    
  J  , XGRID,RGRID           21   7.10319951E-02  0.499999940    
  J  , XGRID,RGRID           22   7.13132173E-02  0.499999940    
  J  , XGRID,RGRID           23   7.16142282E-02  0.500000000    
  J  , XGRID,RGRID           24   7.19313622E-02  0.500000000    
  J  , XGRID,RGRID           25   7.22617134E-02  0.499999940    
  J  , XGRID,RGRID           26   7.26031512E-02  0.499999970    
  J  , XGRID,RGRID           27   7.29549155E-02  0.499999940    
  J  , XGRID,RGRID           28   7.33231753E-02  0.500000060    
  J  , XGRID,RGRID           29   7.37084150E-02  0.499999970    
  J  , XGRID,RGRID           30   7.41110966E-02  0.499999911    
  J  , XGRID,RGRID           31   7.45315626E-02  0.500000000    
  J  , XGRID,RGRID           32   7.49700293E-02  0.500000000    
  J  , XGRID,RGRID           33   7.54266530E-02  0.499999940    
  J  , XGRID,RGRID           34   7.59014934E-02  0.500000060    
  J  , XGRID,RGRID           35   7.63944760E-02  0.499999970    
  J  , XGRID,RGRID           36   7.69054592E-02  0.499999940    
  J  , XGRID,RGRID           37   7.74338916E-02  0.500000000    
  J  , XGRID,RGRID           38   7.79779106E-02  0.499999970    
  J  , XGRID,RGRID           39   7.85370618E-02  0.499999970    
  J  , XGRID,RGRID           40   7.91108683E-02  0.499999970    
  J  , XGRID,RGRID           41   7.96988010E-02  0.499999881    
  J  , XGRID,RGRID           42   8.03003386E-02  0.499999940    
  J  , XGRID,RGRID           43   8.09149295E-02  0.500000000    
  J  , XGRID,RGRID           44   8.15419480E-02  0.499999970    
  J  , XGRID,RGRID           45   8.21808204E-02  0.500000000    
  J  , XGRID,RGRID           46   8.28308910E-02  0.500000060    
  J  , XGRID,RGRID           47   8.34915116E-02  0.500000000    
  J  , XGRID,RGRID           48   8.41619894E-02  0.500000000    
  J  , XGRID,RGRID           49   8.48416239E-02  0.499999940    
  J  , XGRID,RGRID           50   8.55297074E-02  0.499999970    
  J  , XGRID,RGRID           51   8.62254351E-02  0.499999881    
  J  , XGRID,RGRID           52   8.69281292E-02  0.500000000    
  J  , XGRID,RGRID           53   8.76369923E-02  0.500000060    
  J  , XGRID,RGRID           54   8.83512050E-02  0.500000060    
  J  , XGRID,RGRID           55   8.90699103E-02  0.500000000    
  J  , XGRID,RGRID           56   8.97922367E-02  0.500000060    
  J  , XGRID,RGRID           57   9.05172527E-02  0.500000000    
  J  , XGRID,RGRID           58   9.12440494E-02  0.500000060    
  J  , XGRID,RGRID           59   9.19716507E-02  0.499999970    
  J  , XGRID,RGRID           60   9.26990807E-02  0.500000060    
  J  , XGRID,RGRID           61   9.34252888E-02  0.500000000    
  J  , XGRID,RGRID           62   9.41492692E-02  0.499999940    
  J  , XGRID,RGRID           63   9.48699564E-02  0.499999970    
  J  , XGRID,RGRID           64   9.55862403E-02  0.500000000    
  J  , XGRID,RGRID           65   9.62970108E-02  0.500000000    
  J  , XGRID,RGRID           66   9.70010906E-02  0.499999940    
  J  , XGRID,RGRID           67   9.76950973E-02  0.499999970    
  J  , XGRID,RGRID           68   9.83758718E-02  0.499999940    
  J  , XGRID,RGRID           69   9.90428030E-02  0.499999940    
  J  , XGRID,RGRID           70   9.96953920E-02  0.499999970    
  J  , XGRID,RGRID           71  0.100333333      0.500000000    
  J  , XGRID,RGRID           72  0.100956470      0.500000000    
  J  , XGRID,RGRID           73  0.101564810      0.500000000    
  J  , XGRID,RGRID           74  0.102158532      0.499999970    
  J  , XGRID,RGRID           75  0.102737948      0.499999940    
  J  , XGRID,RGRID           76  0.103303552      0.500000000    
  J  , XGRID,RGRID           77  0.103858277      0.500000000    
  J  , XGRID,RGRID           78  0.104404315      0.500000000    
  J  , XGRID,RGRID           79  0.104942247      0.500000000    
  J  , XGRID,RGRID           80  0.105472639      0.500000060    
  J  , XGRID,RGRID           81  0.105995871      0.499999911    
  J  , XGRID,RGRID           82  0.106512412      0.500000000    
  J  , XGRID,RGRID           83  0.107022531      0.500000000    
  J  , XGRID,RGRID           84  0.107526451      0.499999970    
  J  , XGRID,RGRID           85  0.108024374      0.500000060    
  J  , XGRID,RGRID           86  0.108516373      0.500000000    
  J  , XGRID,RGRID           87  0.109001651      0.500000000    
  J  , XGRID,RGRID           88  0.109479830      0.500000000    
  J  , XGRID,RGRID           89  0.109950960      0.500000000    
  J  , XGRID,RGRID           90  0.110415019      0.500000000    
  J  , XGRID,RGRID           91  0.110871986      0.500000000    
  J  , XGRID,RGRID           92  0.111321896      0.500000000    
  J  , XGRID,RGRID           93  0.111764729      0.500000060    
  J  , XGRID,RGRID           94  0.112200484      0.500000000    
  J  , XGRID,RGRID           95  0.112629168      0.500000060    
  J  , XGRID,RGRID           96  0.113050759      0.500000000    
  J  , XGRID,RGRID           97  0.113465317      0.500000060    
  J  , XGRID,RGRID           98  0.113872729      0.500000000    
  J  , XGRID,RGRID           99  0.114273094      0.500000060    
  J  , XGRID,RGRID          100  0.114666365      0.500000000    
  J  , XGRID,RGRID          101  0.115052566      0.500000060    
  J  , XGRID,RGRID          102  0.115431689      0.500000060    
  J  , XGRID,RGRID          103  0.115803733      0.500000000    
  J  , XGRID,RGRID          104  0.116168723      0.500000060    
  J  , XGRID,RGRID          105  0.116526648      0.500000060    
  J  , XGRID,RGRID          106  0.116877511      0.500000060    
  J  , XGRID,RGRID          107  0.117221311      0.500000000    
  J  , XGRID,RGRID          108  0.117558107      0.500000060    
  J  , XGRID,RGRID          109  0.117887840      0.500000000    
  J  , XGRID,RGRID          110  0.118210562      0.500000060    
  J  , XGRID,RGRID          111  0.118526280      0.500000060    
  J  , XGRID,RGRID          112  0.118834987      0.500000060    
  J  , XGRID,RGRID          113  0.119136706      0.500000060    
  J  , XGRID,RGRID          114  0.119431429      0.500000000    
  J  , XGRID,RGRID          115  0.119719200      0.500000060    
  J  , XGRID,RGRID          116  0.120000049      0.500000119    
  J  , XGRID,RGRID          117  0.120280847      0.500000060    
  J  , XGRID,RGRID          118  0.120594136      0.500000060    
  J  , XGRID,RGRID          119  0.120943613      0.500000000    
  J  , XGRID,RGRID          120  0.121333525      0.500000060    
  J  , XGRID,RGRID          121  0.121768504      0.500000060    
  J  , XGRID,RGRID          122  0.122253746      0.499999970    
  J  , XGRID,RGRID          123  0.122795105      0.500000000    
  J  , XGRID,RGRID          124  0.123399049      0.500000000    
  J  , XGRID,RGRID          125  0.124072820      0.500000000    
  J  , XGRID,RGRID          126  0.124824502      0.500000060    
  J  , XGRID,RGRID          127  0.125663042      0.500000060    
  J  , XGRID,RGRID          128  0.126598492      0.499999911    
  J  , XGRID,RGRID          129  0.127642155      0.499999970    
  J  , XGRID,RGRID          130  0.128806427      0.499999911    
  J  , XGRID,RGRID          131  0.130105346      0.500000060    
  J  , XGRID,RGRID          132  0.131554425      0.500000060    
  J  , XGRID,RGRID          133  0.133170933      0.499999881    
  J  , XGRID,RGRID          134  0.134974390      0.499999940    
  J  , XGRID,RGRID          135  0.136986345      0.500000179    
  J  , XGRID,RGRID          136  0.139230847      0.499999881    
  J  , XGRID,RGRID          137  0.141734853      0.499999881    
  J  , XGRID,RGRID          138  0.144528359      0.500000000    
  J  , XGRID,RGRID          139  0.147644803      0.500000000    
  J  , XGRID,RGRID          140  0.151121527      0.500000358    
  J  , XGRID,RGRID          141  0.155000061      0.500000000    

  BLADE TRUE CHORD:AXIAL CHORD RATIO =    1.22233856    


    TKLE      TKTE      TKMAX     XTMAX     XMODLE     XMODTE    TK_TYP 
    0.0500    0.0200    0.3000    0.4000    0.0500    0.0100    2.0000


 FCHORD=    0.00000000      FPERP=    0.00000000     FTKSCALE=    1.00000000    


  CENTRELINE COORDINATES AND THICKNESS FOR INTYPE = 1

    XIN        YIN       TKIN 
   0.00000   0.00000   0.05000
   0.00003   0.00002   0.05037
   0.00011   0.00009   0.05106
   0.00025   0.00021   0.05195
   0.00044   0.00037   0.05301
   0.00069   0.00058   0.05422
   0.00099   0.00083   0.05555
   0.00135   0.00113   0.05699
   0.00177   0.00148   0.05854
   0.00223   0.00187   0.06018
   0.00276   0.00230   0.06192
   0.00334   0.00279   0.06373
   0.00397   0.00331   0.06563
   0.00466   0.00388   0.06759
   0.00540   0.00449   0.06963
   0.00620   0.00515   0.07173
   0.00705   0.00585   0.07390
   0.00796   0.00660   0.07612
   0.00892   0.00738   0.07839
   0.00993   0.00821   0.08072
   0.01100   0.00908   0.08310
   0.01212   0.00999   0.08552
   0.01330   0.01094   0.08799
   0.01453   0.01192   0.09050
   0.01581   0.01295   0.09305
   0.01715   0.01402   0.09563
   0.01854   0.01512   0.09825
   0.01999   0.01626   0.10090
   0.02148   0.01744   0.10358
   0.02303   0.01865   0.10629
   0.02463   0.01990   0.10902
   0.02629   0.02118   0.11178
   0.02800   0.02249   0.11456
   0.02976   0.02384   0.11736
   0.03157   0.02522   0.12018
   0.03343   0.02662   0.12302
   0.03534   0.02806   0.12587
   0.03731   0.02952   0.12874
   0.03933   0.03102   0.13161
   0.04139   0.03253   0.13450
   0.04351   0.03408   0.13740
   0.04568   0.03564   0.14030
   0.04790   0.03724   0.14321
   0.05017   0.03885   0.14613
   0.05249   0.04048   0.14905
   0.05486   0.04214   0.15196
   0.05727   0.04381   0.15488
   0.05974   0.04550   0.15780
   0.06225   0.04720   0.16071
   0.06481   0.04892   0.16362
   0.06743   0.05066   0.16653
   0.07008   0.05240   0.16943
   0.07279   0.05416   0.17232
   0.07554   0.05593   0.17520
   0.07834   0.05770   0.17807
   0.08119   0.05948   0.18093
   0.08408   0.06127   0.18377
   0.08702   0.06306   0.18660
   0.09001   0.06486   0.18942
   0.09304   0.06665   0.19222
   0.09611   0.06845   0.19500
   0.09923   0.07024   0.19777
   0.10239   0.07204   0.20051
   0.10560   0.07382   0.20323
   0.10885   0.07560   0.20594
   0.11214   0.07738   0.20861
   0.11548   0.07915   0.21127
   0.11886   0.08090   0.21390
   0.12228   0.08265   0.21651
   0.12574   0.08438   0.21908
   0.12925   0.08609   0.22163
   0.13279   0.08779   0.22416
   0.13638   0.08948   0.22665
   0.14001   0.09114   0.22911
   0.14367   0.09278   0.23154
   0.14738   0.09440   0.23394
   0.15112   0.09600   0.23631
   0.15490   0.09758   0.23865
   0.15872   0.09912   0.24094
   0.16258   0.10064   0.24321
   0.16648   0.10213   0.24544
   0.17041   0.10359   0.24763
   0.17438   0.10502   0.24978
   0.17838   0.10641   0.25190
   0.18242   0.10777   0.25398
   0.18650   0.10909   0.25602
   0.19061   0.11038   0.25802
   0.19475   0.11162   0.25997
   0.19893   0.11283   0.26189
   0.20314   0.11400   0.26377
   0.20738   0.11512   0.26560
   0.21166   0.11620   0.26739
   0.21597   0.11724   0.26914
   0.22031   0.11823   0.27084
   0.22468   0.11918   0.27250
   0.22908   0.12008   0.27412
   0.23351   0.12093   0.27568
   0.23797   0.12174   0.27721
   0.24246   0.12249   0.27869
   0.24697   0.12319   0.28012
   0.25152   0.12384   0.28150
   0.25609   0.12443   0.28284
   0.26069   0.12497   0.28413
   0.26532   0.12546   0.28537
   0.26997   0.12588   0.28656
   0.27464   0.12625   0.28770
   0.27935   0.12657   0.28880
   0.28407   0.12682   0.28985
   0.28882   0.12701   0.29084
   0.29360   0.12714   0.29179
   0.29839   0.12721   0.29269
   0.30321   0.12722   0.29354
   0.30805   0.12717   0.29434
   0.31291   0.12705   0.29508
   0.31780   0.12687   0.29578
   0.32270   0.12662   0.29643
   0.32762   0.12632   0.29703
   0.33256   0.12594   0.29757
   0.33752   0.12550   0.29807
   0.34250   0.12499   0.29851
   0.34749   0.12441   0.29890
   0.35250   0.12377   0.29925
   0.35753   0.12305   0.29954
   0.36257   0.12226   0.29978
   0.36763   0.12140   0.29997
   0.37271   0.12047   0.30011
   0.37779   0.11946   0.30020
   0.38289   0.11838   0.30024
   0.38801   0.11722   0.30022
   0.39313   0.11599   0.30016
   0.39827   0.11467   0.30005
   0.40342   0.11328   0.29989
   0.40858   0.11180   0.29967
   0.41375   0.11024   0.29941
   0.41893   0.10860   0.29910
   0.42412   0.10687   0.29874
   0.42932   0.10505   0.29833
   0.43452   0.10314   0.29787
   0.43973   0.10115   0.29736
   0.44495   0.09906   0.29681
   0.45017   0.09689   0.29620
   0.45540   0.09462   0.29555
   0.46064   0.09226   0.29485
   0.46588   0.08980   0.29411
   0.47112   0.08725   0.29332
   0.47637   0.08461   0.29248
   0.48162   0.08187   0.29159
   0.48687   0.07903   0.29066
   0.49212   0.07609   0.28969
   0.49737   0.07305   0.28867
   0.50263   0.06992   0.28760
   0.50788   0.06668   0.28650
   0.51313   0.06333   0.28534
   0.51838   0.05988   0.28415
   0.52363   0.05633   0.28291
   0.52888   0.05267   0.28163
   0.53412   0.04890   0.28031
   0.53936   0.04503   0.27895
   0.54460   0.04105   0.27755
   0.54983   0.03697   0.27611
   0.55505   0.03278   0.27463
   0.56027   0.02848   0.27311
   0.56548   0.02408   0.27155
   0.57068   0.01958   0.26996
   0.57588   0.01497   0.26832
   0.58107   0.01026   0.26665
   0.58625   0.00545   0.26495
   0.59142   0.00053   0.26321
   0.59658  -0.00449   0.26144
   0.60173  -0.00960   0.25963
   0.60687  -0.01481   0.25779
   0.61199  -0.02012   0.25591
   0.61711  -0.02552   0.25401
   0.62221  -0.03102   0.25207
   0.62729  -0.03660   0.25011
   0.63237  -0.04228   0.24811
   0.63743  -0.04804   0.24608
   0.64247  -0.05389   0.24403
   0.64750  -0.05983   0.24195
   0.65251  -0.06585   0.23984
   0.65750  -0.07194   0.23770
   0.66248  -0.07812   0.23554
   0.66744  -0.08438   0.23336
   0.67238  -0.09071   0.23115
   0.67730  -0.09712   0.22892
   0.68220  -0.10360   0.22667
   0.68709  -0.11015   0.22439
   0.69195  -0.11676   0.22209
   0.69679  -0.12344   0.21978
   0.70161  -0.13019   0.21744
   0.70640  -0.13699   0.21509
   0.71118  -0.14386   0.21272
   0.71593  -0.15078   0.21033
   0.72065  -0.15775   0.20792
   0.72536  -0.16478   0.20550
   0.73003  -0.17186   0.20307
   0.73468  -0.17898   0.20062
   0.73931  -0.18615   0.19816
   0.74391  -0.19335   0.19569
   0.74848  -0.20060   0.19320
   0.75303  -0.20789   0.19071
   0.75754  -0.21520   0.18821
   0.76203  -0.22255   0.18570
   0.76649  -0.22993   0.18318
   0.77092  -0.23733   0.18065
   0.77532  -0.24476   0.17812
   0.77969  -0.25221   0.17558
   0.78403  -0.25967   0.17304
   0.78834  -0.26715   0.17049
   0.79262  -0.27464   0.16795
   0.79686  -0.28213   0.16540
   0.80107  -0.28964   0.16285
   0.80525  -0.29715   0.16029
   0.80939  -0.30466   0.15774
   0.81350  -0.31218   0.15519
   0.81758  -0.31969   0.15265
   0.82162  -0.32719   0.15010
   0.82562  -0.33468   0.14756
   0.82959  -0.34217   0.14503
   0.83352  -0.34964   0.14250
   0.83742  -0.35709   0.13998
   0.84128  -0.36452   0.13746
   0.84510  -0.37193   0.13495
   0.84888  -0.37931   0.13245
   0.85262  -0.38666   0.12997
   0.85633  -0.39398   0.12749
   0.85999  -0.40126   0.12502
   0.86362  -0.40851   0.12257
   0.86721  -0.41572   0.12012
   0.87075  -0.42288   0.11769
   0.87426  -0.43000   0.11528
   0.87772  -0.43707   0.11288
   0.88114  -0.44408   0.11050
   0.88452  -0.45105   0.10813
   0.88786  -0.45795   0.10578
   0.89115  -0.46480   0.10345
   0.89440  -0.47159   0.10114
   0.89761  -0.47831   0.09885
   0.90077  -0.48496   0.09658
   0.90389  -0.49155   0.09433
   0.90696  -0.49807   0.09210
   0.90999  -0.50451   0.08990
   0.91298  -0.51088   0.08772
   0.91592  -0.51717   0.08556
   0.91881  -0.52337   0.08343
   0.92166  -0.52950   0.08132
   0.92446  -0.53555   0.07924
   0.92721  -0.54150   0.07718
   0.92992  -0.54738   0.07515
   0.93257  -0.55316   0.07316
   0.93519  -0.55885   0.07118
   0.93775  -0.56444   0.06924
   0.94026  -0.56995   0.06733
   0.94273  -0.57535   0.06545
   0.94514  -0.58066   0.06360
   0.94751  -0.58587   0.06178
   0.94983  -0.59098   0.06000
   0.95210  -0.59599   0.05824
   0.95432  -0.60089   0.05653
   0.95649  -0.60569   0.05484
   0.95861  -0.61039   0.05319
   0.96067  -0.61498   0.05157
   0.96269  -0.61946   0.04999
   0.96466  -0.62383   0.04845
   0.96657  -0.62809   0.04694
   0.96843  -0.63224   0.04547
   0.97024  -0.63627   0.04403
   0.97200  -0.64020   0.04264
   0.97371  -0.64401   0.04128
   0.97537  -0.64771   0.03996
   0.97697  -0.65129   0.03868
   0.97852  -0.65475   0.03744
   0.98001  -0.65810   0.03624
   0.98146  -0.66134   0.03508
   0.98285  -0.66445   0.03396
   0.98419  -0.66745   0.03288
   0.98547  -0.67032   0.03185
   0.98670  -0.67308   0.03085
   0.98788  -0.67572   0.02990
   0.98900  -0.67824   0.02899
   0.99007  -0.68064   0.02812
   0.99108  -0.68291   0.02730
   0.99204  -0.68507   0.02651
   0.99295  -0.68710   0.02577
   0.99380  -0.68902   0.02508
   0.99460  -0.69081   0.02443
   0.99534  -0.69247   0.02382
   0.99603  -0.69402   0.02326
   0.99666  -0.69544   0.02274
   0.99724  -0.69674   0.02226
   0.99777  -0.69791   0.02184
   0.99823  -0.69897   0.02145
   0.99865  -0.69989   0.02111
   0.99901  -0.70070   0.02082
   0.99931  -0.70138   0.02057
   0.99956  -0.70194   0.02036
   0.99975  -0.70237   0.02020
   0.99989  -0.70268   0.02009
   0.99997  -0.70287   0.02002
   1.00000  -0.70293   0.02000

  BLADE SURFACE COORDINATES GENERATED USING INTYPE = 1

  XUP          YUP       XLOW      YLOW 
   0.00001   0.02500  -0.00001  -0.02500
   0.00004   0.02521   0.00002  -0.02516
   0.00012   0.02562   0.00010  -0.02544
   0.00026   0.02619   0.00024  -0.02577
   0.00045   0.02688   0.00043  -0.02614
   0.00070   0.02769   0.00068  -0.02653
   0.00100   0.02861   0.00098  -0.02694
   0.00136   0.02963   0.00134  -0.02736
   0.00178   0.03075   0.00176  -0.02779
   0.00224   0.03196   0.00222  -0.02822
   0.00277   0.03326   0.00275  -0.02865
   0.00335   0.03465   0.00333  -0.02908
   0.00398   0.03612   0.00396  -0.02950
   0.00467   0.03768   0.00465  -0.02992
   0.00541   0.03931   0.00539  -0.03032
   0.00621   0.04102   0.00619  -0.03072
   0.00706   0.04280   0.00704  -0.03110
   0.00797   0.04465   0.00795  -0.03146
   0.00893   0.04658   0.00891  -0.03182
   0.00994   0.04857   0.00992  -0.03215
   0.01101   0.05063   0.01099  -0.03247
   0.01213   0.05275   0.01211  -0.03278
   0.01331   0.05493   0.01329  -0.03306
   0.01454   0.05717   0.01452  -0.03332
   0.01582   0.05948   0.01580  -0.03357
   0.01716   0.06183   0.01714  -0.03380
   0.01855   0.06425   0.01853  -0.03400
   0.02000   0.06671   0.01998  -0.03419
   0.02149   0.06923   0.02147  -0.03435
   0.02304   0.07180   0.02302  -0.03449
   0.02464   0.07441   0.02462  -0.03461
   0.02630   0.07707   0.02628  -0.03471
   0.02801   0.07977   0.02799  -0.03479
   0.02977   0.08252   0.02975  -0.03484
   0.03158   0.08531   0.03156  -0.03488
   0.03344   0.08813   0.03342  -0.03489
   0.03535   0.09099   0.03533  -0.03488
   0.03732   0.09389   0.03730  -0.03485
   0.03934   0.09682   0.03932  -0.03479
   0.04140   0.09978   0.04138  -0.03472
   0.04352   0.10278   0.04350  -0.03462
   0.04569   0.10580   0.04567  -0.03451
   0.04791   0.10884   0.04789  -0.03437
   0.05018   0.11191   0.05016  -0.03422
   0.05250   0.11500   0.05248  -0.03404
   0.05487   0.11812   0.05485  -0.03385
   0.05728   0.12125   0.05726  -0.03363
   0.05975   0.12440   0.05973  -0.03340
   0.06226   0.12756   0.06224  -0.03316
   0.06482   0.13073   0.06480  -0.03289
   0.06744   0.13392   0.06742  -0.03261
   0.07009   0.13711   0.07007  -0.03231
   0.07280   0.14032   0.07278  -0.03200
   0.07555   0.14352   0.07553  -0.03167
   0.07835   0.14673   0.07833  -0.03133
   0.08120   0.14995   0.08118  -0.03098
   0.08409   0.15316   0.08407  -0.03062
   0.08703   0.15636   0.08701  -0.03024
   0.09002   0.15957   0.09000  -0.02985
   0.09305   0.16276   0.09303  -0.02946
   0.09612   0.16595   0.09610  -0.02905
   0.09924   0.16913   0.09922  -0.02864
   0.10240   0.17229   0.10238  -0.02822
   0.10561   0.17544   0.10559  -0.02779
   0.10886   0.17857   0.10884  -0.02736
   0.11215   0.18169   0.11213  -0.02693
   0.11549   0.18478   0.11547  -0.02649
   0.11887   0.18785   0.11885  -0.02605
   0.12229   0.19090   0.12227  -0.02561
   0.12575   0.19392   0.12573  -0.02517
   0.12926   0.19691   0.12924  -0.02472
   0.13280   0.19987   0.13278  -0.02428
   0.13639   0.20280   0.13637  -0.02385
   0.14002   0.20570   0.14000  -0.02342
   0.14368   0.20856   0.14366  -0.02299
   0.14739   0.21138   0.14737  -0.02257
   0.15113   0.21416   0.15111  -0.02215
   0.15491   0.21690   0.15489  -0.02175
   0.15873   0.21959   0.15871  -0.02135
   0.16259   0.22225   0.16257  -0.02096
   0.16649   0.22485   0.16647  -0.02059
   0.17042   0.22740   0.17040  -0.02022
   0.17439   0.22991   0.17437  -0.01987
   0.17839   0.23236   0.17837  -0.01954
   0.18243   0.23476   0.18241  -0.01922
   0.18651   0.23710   0.18649  -0.01892
   0.19062   0.23939   0.19060  -0.01863
   0.19476   0.24161   0.19474  -0.01836
   0.19894   0.24378   0.19892  -0.01812
   0.20315   0.24588   0.20313  -0.01789
   0.20739   0.24792   0.20737  -0.01768
   0.21167   0.24990   0.21165  -0.01749
   0.21598   0.25181   0.21596  -0.01733
   0.22032   0.25365   0.22030  -0.01719
   0.22469   0.25543   0.22467  -0.01707
   0.22909   0.25714   0.22907  -0.01698
   0.23352   0.25878   0.23350  -0.01691
   0.23798   0.26034   0.23796  -0.01687
   0.24247   0.26183   0.24245  -0.01686
   0.24698   0.26325   0.24696  -0.01687
   0.25153   0.26459   0.25151  -0.01691
   0.25610   0.26585   0.25608  -0.01699
   0.26070   0.26703   0.26068  -0.01709
   0.26533   0.26814   0.26531  -0.01723
   0.26998   0.26916   0.26996  -0.01740
   0.27465   0.27011   0.27463  -0.01760
   0.27936   0.27097   0.27934  -0.01783
   0.28408   0.27174   0.28406  -0.01810
   0.28883   0.27243   0.28881  -0.01841
   0.29361   0.27304   0.29359  -0.01875
   0.29840   0.27356   0.29838  -0.01913
   0.30322   0.27399   0.30320  -0.01955
   0.30806   0.27433   0.30804  -0.02000
   0.31292   0.27459   0.31290  -0.02049
   0.31781   0.27476   0.31779  -0.02102
   0.32271   0.27484   0.32269  -0.02159
   0.32763   0.27483   0.32761  -0.02220
   0.33257   0.27473   0.33255  -0.02284
   0.33753   0.27453   0.33751  -0.02353
   0.34251   0.27425   0.34249  -0.02426
   0.34750   0.27387   0.34748  -0.02504
   0.35251   0.27339   0.35249  -0.02586
   0.35754   0.27282   0.35752  -0.02672
   0.36258   0.27215   0.36256  -0.02763
   0.36764   0.27139   0.36762  -0.02858
   0.37272   0.27052   0.37270  -0.02958
   0.37780   0.26956   0.37778  -0.03064
   0.38290   0.26850   0.38288  -0.03174
   0.38802   0.26733   0.38800  -0.03289
   0.39314   0.26607   0.39312  -0.03409
   0.39828   0.26470   0.39826  -0.03535
   0.40343   0.26322   0.40341  -0.03666
   0.40859   0.26164   0.40857  -0.03803
   0.41376   0.25995   0.41374  -0.03946
   0.41894   0.25815   0.41892  -0.04095
   0.42413   0.25624   0.42411  -0.04250
   0.42933   0.25421   0.42931  -0.04411
   0.43453   0.25208   0.43451  -0.04579
   0.43974   0.24983   0.43972  -0.04753
   0.44496   0.24747   0.44494  -0.04934
   0.45018   0.24499   0.45016  -0.05121
   0.45541   0.24240   0.45539  -0.05316
   0.46065   0.23969   0.46063  -0.05517
   0.46589   0.23686   0.46587  -0.05725
   0.47113   0.23391   0.47111  -0.05940
   0.47638   0.23085   0.47636  -0.06163
   0.48163   0.22766   0.48161  -0.06393
   0.48688   0.22436   0.48686  -0.06630
   0.49213   0.22093   0.49211  -0.06875
   0.49738   0.21739   0.49736  -0.07128
   0.50264   0.21372   0.50262  -0.07388
   0.50789   0.20993   0.50787  -0.07657
   0.51314   0.20601   0.51312  -0.07934
   0.51839   0.20196   0.51837  -0.08219
   0.52364   0.19779   0.52362  -0.08513
   0.52889   0.19349   0.52887  -0.08815
   0.53413   0.18906   0.53411  -0.09125
   0.53937   0.18451   0.53935  -0.09444
   0.54461   0.17983   0.54459  -0.09772
   0.54984   0.17502   0.54982  -0.10108
   0.55506   0.17009   0.55504  -0.10453
   0.56028   0.16504   0.56026  -0.10807
   0.56549   0.15986   0.56547  -0.11169
   0.57069   0.15456   0.57067  -0.11540
   0.57589   0.14913   0.57587  -0.11919
   0.58108   0.14359   0.58106  -0.12307
   0.58626   0.13792   0.58624  -0.12703
   0.59143   0.13214   0.59141  -0.13107
   0.59659   0.12623   0.59657  -0.13520
   0.60174   0.12021   0.60172  -0.13941
   0.60688   0.11408   0.60686  -0.14371
   0.61200   0.10784   0.61198  -0.14808
   0.61712   0.10148   0.61710  -0.15253
   0.62222   0.09502   0.62220  -0.15705
   0.62730   0.08845   0.62728  -0.16165
   0.63238   0.08178   0.63236  -0.16633
   0.63744   0.07500   0.63742  -0.17108
   0.64248   0.06812   0.64246  -0.17591
   0.64751   0.06115   0.64749  -0.18080
   0.65252   0.05407   0.65250  -0.18576
   0.65751   0.04691   0.65749  -0.19080
   0.66249   0.03965   0.66247  -0.19590
   0.66745   0.03230   0.66743  -0.20106
   0.67239   0.02486   0.67237  -0.20629
   0.67731   0.01734   0.67729  -0.21158
   0.68221   0.00973   0.68219  -0.21693
   0.68710   0.00205   0.68708  -0.22234
   0.69196  -0.00572   0.69194  -0.22781
   0.69680  -0.01356   0.69678  -0.23333
   0.70162  -0.02147   0.70160  -0.23891
   0.70641  -0.02945   0.70639  -0.24454
   0.71119  -0.03750   0.71117  -0.25022
   0.71594  -0.04562   0.71592  -0.25594
   0.72066  -0.05379   0.72064  -0.26171
   0.72537  -0.06203   0.72535  -0.26753
   0.73004  -0.07032   0.73002  -0.27339
   0.73469  -0.07867   0.73467  -0.27929
   0.73932  -0.08707   0.73930  -0.28523
   0.74392  -0.09551   0.74390  -0.29120
   0.74849  -0.10400   0.74847  -0.29721
   0.75304  -0.11253   0.75302  -0.30324
   0.75755  -0.12110   0.75753  -0.30931
   0.76204  -0.12971   0.76202  -0.31540
   0.76650  -0.13834   0.76648  -0.32152
   0.77093  -0.14701   0.77091  -0.32766
   0.77533  -0.15570   0.77531  -0.33382
   0.77970  -0.16441   0.77968  -0.34000
   0.78404  -0.17315   0.78402  -0.34619
   0.78835  -0.18190   0.78833  -0.35239
   0.79263  -0.19066   0.79261  -0.35861
   0.79687  -0.19944   0.79685  -0.36483
   0.80108  -0.20822   0.80106  -0.37106
   0.80526  -0.21700   0.80524  -0.37730
   0.80940  -0.22579   0.80938  -0.38353
   0.81351  -0.23458   0.81349  -0.38977
   0.81759  -0.24336   0.81757  -0.39601
   0.82163  -0.25214   0.82161  -0.40224
   0.82563  -0.26090   0.82561  -0.40847
   0.82960  -0.26965   0.82958  -0.41468
   0.83353  -0.27839   0.83351  -0.42089
   0.83743  -0.28710   0.83741  -0.42708
   0.84129  -0.29579   0.84127  -0.43325
   0.84511  -0.30445   0.84509  -0.43940
   0.84889  -0.31308   0.84887  -0.44553
   0.85263  -0.32168   0.85261  -0.45164
   0.85634  -0.33023   0.85632  -0.45772
   0.86000  -0.33875   0.85998  -0.46377
   0.86363  -0.34723   0.86361  -0.46979
   0.86722  -0.35565   0.86720  -0.47578
   0.87076  -0.36403   0.87074  -0.48173
   0.87427  -0.37236   0.87425  -0.48764
   0.87773  -0.38062   0.87771  -0.49351
   0.88115  -0.38883   0.88113  -0.49933
   0.88453  -0.39698   0.88451  -0.50511
   0.88787  -0.40506   0.88785  -0.51084
   0.89116  -0.41307   0.89114  -0.51653
   0.89441  -0.42101   0.89439  -0.52216
   0.89762  -0.42888   0.89760  -0.52773
   0.90078  -0.43667   0.90076  -0.53325
   0.90390  -0.44439   0.90388  -0.53872
   0.90697  -0.45201   0.90695  -0.54412
   0.91000  -0.45956   0.90998  -0.54946
   0.91299  -0.46702   0.91297  -0.55473
   0.91593  -0.47439   0.91591  -0.55994
   0.91882  -0.48166   0.91880  -0.56509
   0.92167  -0.48884   0.92165  -0.57016
   0.92447  -0.49593   0.92445  -0.57516
   0.92722  -0.50291   0.92720  -0.58010
   0.92993  -0.50980   0.92991  -0.58495
   0.93258  -0.51658   0.93256  -0.58973
   0.93520  -0.52325   0.93518  -0.59444
   0.93776  -0.52982   0.93774  -0.59907
   0.94027  -0.53628   0.94025  -0.60361
   0.94274  -0.54263   0.94272  -0.60808
   0.94515  -0.54886   0.94513  -0.61246
   0.94752  -0.55498   0.94750  -0.61676
   0.94984  -0.56098   0.94982  -0.62098
   0.95211  -0.56687   0.95209  -0.62511
   0.95433  -0.57263   0.95431  -0.62916
   0.95650  -0.57827   0.95648  -0.63311
   0.95862  -0.58379   0.95860  -0.63698
   0.96068  -0.58919   0.96066  -0.64076
   0.96270  -0.59446   0.96268  -0.64445
   0.96467  -0.59960   0.96465  -0.64805
   0.96658  -0.60462   0.96656  -0.65156
   0.96844  -0.60950   0.96842  -0.65497
   0.97025  -0.61426   0.97023  -0.65829
   0.97201  -0.61888   0.97199  -0.66152
   0.97372  -0.62337   0.97370  -0.66465
   0.97538  -0.62773   0.97536  -0.66769
   0.97698  -0.63195   0.97696  -0.67063
   0.97853  -0.63603   0.97851  -0.67348
   0.98002  -0.63998   0.98000  -0.67622
   0.98147  -0.64380   0.98145  -0.67888
   0.98286  -0.64747   0.98284  -0.68143
   0.98420  -0.65100   0.98418  -0.68389
   0.98548  -0.65440   0.98546  -0.68625
   0.98671  -0.65766   0.98669  -0.68851
   0.98789  -0.66077   0.98787  -0.69067
   0.98901  -0.66374   0.98899  -0.69273
   0.99008  -0.66658   0.99006  -0.69470
   0.99109  -0.66927   0.99107  -0.69656
   0.99205  -0.67181   0.99203  -0.69833
   0.99296  -0.67422   0.99294  -0.69999
   0.99381  -0.67648   0.99379  -0.70155
   0.99461  -0.67859   0.99459  -0.70302
   0.99535  -0.68056   0.99533  -0.70438
   0.99604  -0.68239   0.99602  -0.70565
   0.99667  -0.68407   0.99665  -0.70681
   0.99725  -0.68561   0.99723  -0.70787
   0.99778  -0.68700   0.99776  -0.70883
   0.99824  -0.68824   0.99822  -0.70969
   0.99866  -0.68934   0.99864  -0.71045
   0.99902  -0.69029   0.99900  -0.71111
   0.99932  -0.69110   0.99930  -0.71166
   0.99957  -0.69176   0.99955  -0.71212
   0.99976  -0.69227   0.99974  -0.71247
   0.99990  -0.69264   0.99988  -0.71273
   0.99998  -0.69286   0.99996  -0.71288
   1.00001  -0.69293   0.99999  -0.71293

XIN,   MODIFIED LEADING EDGE THICKNESS     0.00000     0.00000
XIN,   MODIFIED LEADING EDGE THICKNESS     0.00003     0.04068
XIN,   MODIFIED LEADING EDGE THICKNESS     0.00011     0.08129
XIN,   MODIFIED LEADING EDGE THICKNESS     0.00025     0.12177
XIN,   MODIFIED LEADING EDGE THICKNESS     0.00044     0.16204
XIN,   MODIFIED LEADING EDGE THICKNESS     0.00069     0.20204
XIN,   MODIFIED LEADING EDGE THICKNESS     0.00099     0.24170
XIN,   MODIFIED LEADING EDGE THICKNESS     0.00135     0.28095
XIN,   MODIFIED LEADING EDGE THICKNESS     0.00177     0.31972
XIN,   MODIFIED LEADING EDGE THICKNESS     0.00223     0.35796
XIN,   MODIFIED LEADING EDGE THICKNESS     0.00276     0.39559
XIN,   MODIFIED LEADING EDGE THICKNESS     0.00334     0.43254
XIN,   MODIFIED LEADING EDGE THICKNESS     0.00397     0.46876
XIN,   MODIFIED LEADING EDGE THICKNESS     0.00466     0.50419
XIN,   MODIFIED LEADING EDGE THICKNESS     0.00540     0.53875
XIN,   MODIFIED LEADING EDGE THICKNESS     0.00620     0.57240
XIN,   MODIFIED LEADING EDGE THICKNESS     0.00705     0.60507
XIN,   MODIFIED LEADING EDGE THICKNESS     0.00796     0.63670
XIN,   MODIFIED LEADING EDGE THICKNESS     0.00892     0.66725
XIN,   MODIFIED LEADING EDGE THICKNESS     0.00993     0.69665
XIN,   MODIFIED LEADING EDGE THICKNESS     0.01100     0.72486
XIN,   MODIFIED LEADING EDGE THICKNESS     0.01212     0.75182
XIN,   MODIFIED LEADING EDGE THICKNESS     0.01330     0.77750
XIN,   MODIFIED LEADING EDGE THICKNESS     0.01453     0.80185
XIN,   MODIFIED LEADING EDGE THICKNESS     0.01581     0.82484
XIN,   MODIFIED LEADING EDGE THICKNESS     0.01715     0.84642
XIN,   MODIFIED LEADING EDGE THICKNESS     0.01854     0.86657
XIN,   MODIFIED LEADING EDGE THICKNESS     0.01999     0.88526
XIN,   MODIFIED LEADING EDGE THICKNESS     0.02148     0.90247
XIN,   MODIFIED LEADING EDGE THICKNESS     0.02303     0.91820
XIN,   MODIFIED LEADING EDGE THICKNESS     0.02463     0.93243
XIN,   MODIFIED LEADING EDGE THICKNESS     0.02629     0.94518
XIN,   MODIFIED LEADING EDGE THICKNESS     0.02800     0.95644
XIN,   MODIFIED LEADING EDGE THICKNESS     0.02976     0.96624
XIN,   MODIFIED LEADING EDGE THICKNESS     0.03157     0.97463
XIN,   MODIFIED LEADING EDGE THICKNESS     0.03343     0.98163
XIN,   MODIFIED LEADING EDGE THICKNESS     0.03534     0.98733
XIN,   MODIFIED LEADING EDGE THICKNESS     0.03731     0.99179
XIN,   MODIFIED LEADING EDGE THICKNESS     0.03933     0.99512
XIN,   MODIFIED LEADING EDGE THICKNESS     0.04139     0.99745
XIN,   MODIFIED LEADING EDGE THICKNESS     0.04351     0.99891
XIN,   MODIFIED LEADING EDGE THICKNESS     0.04568     0.99968
XIN,   MODIFIED LEADING EDGE THICKNESS     0.04790     0.99996
 XIN,   MODIFIED TRAILING EDGE THICKNESS     0.99007     0.99998
 XIN,   MODIFIED TRAILING EDGE THICKNESS     0.99108     0.99410
 XIN,   MODIFIED TRAILING EDGE THICKNESS     0.99204     0.97887
 XIN,   MODIFIED TRAILING EDGE THICKNESS     0.99295     0.95546
 XIN,   MODIFIED TRAILING EDGE THICKNESS     0.99380     0.92486
 XIN,   MODIFIED TRAILING EDGE THICKNESS     0.99460     0.88790
 XIN,   MODIFIED TRAILING EDGE THICKNESS     0.99534     0.84530
 XIN,   MODIFIED TRAILING EDGE THICKNESS     0.99603     0.79767
 XIN,   MODIFIED TRAILING EDGE THICKNESS     0.99666     0.74558
 XIN,   MODIFIED TRAILING EDGE THICKNESS     0.99724     0.68953
 XIN,   MODIFIED TRAILING EDGE THICKNESS     0.99777     0.62998
 XIN,   MODIFIED TRAILING EDGE THICKNESS     0.99823     0.56736
 XIN,   MODIFIED TRAILING EDGE THICKNESS     0.99865     0.50207
 XIN,   MODIFIED TRAILING EDGE THICKNESS     0.99901     0.43449
 XIN,   MODIFIED TRAILING EDGE THICKNESS     0.99931     0.36497
 XIN,   MODIFIED TRAILING EDGE THICKNESS     0.99956     0.29387
 XIN,   MODIFIED TRAILING EDGE THICKNESS     0.99975     0.22149
 XIN,   MODIFIED TRAILING EDGE THICKNESS     0.99989     0.14817
 XIN,   MODIFIED TRAILING EDGE THICKNESS     0.99997     0.07424
 XIN,   MODIFIED TRAILING EDGE THICKNESS     1.00000     0.00000

  POINTS NEARLY PERPENDICULAR TO THE CENTRE LINE BEFORE THINNING 
        N        XUPP      YUPP        XLOW        YLOW 
         1    -0.00365     0.00435     0.02922    -0.03482
         2    -0.00364     0.00440     0.02927    -0.03482
         3    -0.00362     0.00454     0.02941    -0.03482
         4    -0.00358     0.00477     0.02963    -0.03483
         5    -0.00352     0.00510     0.02995    -0.03485
         6    -0.00345     0.00552     0.03036    -0.03485
         7    -0.00335     0.00603     0.03086    -0.03486
         8    -0.00325     0.00663     0.03144    -0.03486
         9    -0.00312     0.00733     0.03211    -0.03488
        10    -0.00298     0.00813     0.03287    -0.03488
        11    -0.00283     0.00901     0.03371    -0.03489
        12    -0.00265     0.00999     0.03463    -0.03488
        13    -0.00246     0.01107     0.03563    -0.03487
        14    -0.00225     0.01223     0.03671    -0.03485
        15    -0.00203     0.01349     0.03786    -0.03483
        16    -0.00179     0.01485     0.03910    -0.03479
        17    -0.00153     0.01630     0.04040    -0.03475
        18    -0.00126     0.01785     0.04178    -0.03470
        19    -0.00097     0.01948     0.04323    -0.03463
        20    -0.00066     0.02122     0.04474    -0.03455
        21    -0.00034     0.02305     0.04633    -0.03447
        22     0.00001     0.02497     0.04798    -0.03437
        23     0.00045     0.02688     0.04969    -0.03424
        24     0.00105     0.02873     0.05146    -0.03412
        25     0.00172     0.03057     0.05330    -0.03397
        26     0.00246     0.03249     0.05520    -0.03382
        27     0.00325     0.03441     0.05716    -0.03364
        28     0.00411     0.03641     0.05917    -0.03345
        29     0.00501     0.03844     0.06124    -0.03325
        30     0.00597     0.04051     0.06336    -0.03304
        31     0.00698     0.04263     0.06554    -0.03281
        32     0.00805     0.04482     0.06776    -0.03257
        33     0.00916     0.04704     0.07004    -0.03231
        34     0.01033     0.04931     0.07237    -0.03204
        35     0.01154     0.05163     0.07474    -0.03177
        36     0.01281     0.05400     0.07716    -0.03147
        37     0.01413     0.05642     0.07963    -0.03117
        38     0.01550     0.05889     0.08214    -0.03086
        39     0.01692     0.06140     0.08469    -0.03054
        40     0.01839     0.06396     0.08729    -0.03020
        41     0.01992     0.06657     0.08992    -0.02986
        42     0.02150     0.06924     0.09259    -0.02951
        43     0.02313     0.07193     0.09530    -0.02916
        44     0.02481     0.07468     0.09805    -0.02879
        45     0.02655     0.07746     0.10083    -0.02843
        46     0.02834     0.08029     0.10364    -0.02805
        47     0.03018     0.08316     0.10648    -0.02768
        48     0.03208     0.08607     0.10936    -0.02729
        49     0.03403     0.08902     0.11226    -0.02691
        50     0.03604     0.09201     0.11519    -0.02653
        51     0.03811     0.09504     0.11815    -0.02614
        52     0.04023     0.09810     0.12113    -0.02576
        53     0.04242     0.10121     0.12413    -0.02537
        54     0.04465     0.10435     0.12715    -0.02499
        55     0.04695     0.10752     0.13020    -0.02461
        56     0.04931     0.11073     0.13326    -0.02423
        57     0.05173     0.11397     0.13634    -0.02386
        58     0.05421     0.11724     0.13943    -0.02349
        59     0.05675     0.12054     0.14254    -0.02312
        60     0.05935     0.12387     0.14566    -0.02276
        61     0.06201     0.12723     0.14879    -0.02241
        62     0.06475     0.13061     0.15194    -0.02206
        63     0.06754     0.13405     0.15508    -0.02173
        64     0.07041     0.13748     0.15824    -0.02140
        65     0.07334     0.14094     0.16140    -0.02108
        66     0.07634     0.14442     0.16456    -0.02077
        67     0.07941     0.14792     0.16773    -0.02047
        68     0.08255     0.15144     0.17089    -0.02018
        69     0.08576     0.15497     0.17406    -0.01991
        70     0.08905     0.15852     0.17722    -0.01964
        71     0.09241     0.16207     0.18038    -0.01938
        72     0.09584     0.16564     0.18353    -0.01914
        73     0.09936     0.16925     0.18668    -0.01890
        74     0.10295     0.17283     0.18982    -0.01869
        75     0.10662     0.17641     0.19296    -0.01848
        76     0.11038     0.18000     0.19608    -0.01829
        77     0.11421     0.18358     0.19920    -0.01810
        78     0.11813     0.18716     0.20230    -0.01794
        79     0.12214     0.19073     0.20540    -0.01778
        80     0.12623     0.19432     0.20848    -0.01763
        81     0.13041     0.19787     0.21155    -0.01751
        82     0.13468     0.20139     0.21460    -0.01739
        83     0.13903     0.20490     0.21764    -0.01728
        84     0.14348     0.20837     0.22067    -0.01718
        85     0.14803     0.21185     0.22369    -0.01710
        86     0.15266     0.21526     0.22669    -0.01703
        87     0.15739     0.21863     0.22968    -0.01697
        88     0.16221     0.22196     0.23265    -0.01693
        89     0.16713     0.22527     0.23561    -0.01689
        90     0.17213     0.22848     0.23859    -0.01687
        91     0.17721     0.23162     0.24156    -0.01687
        92     0.18238     0.23469     0.24453    -0.01687
        93     0.18766     0.23774     0.24748    -0.01688
        94     0.19302     0.24066     0.25042    -0.01691
        95     0.19848     0.24351     0.25336    -0.01695
        96     0.20403     0.24630     0.25628    -0.01699
        97     0.20967     0.24896     0.25919    -0.01707
        98     0.21541     0.25153     0.26210    -0.01714
        99     0.22123     0.25402     0.26500    -0.01723
       100     0.22714     0.25637     0.26789    -0.01733
       101     0.23314     0.25860     0.27078    -0.01743
       102     0.23922     0.26075     0.27366    -0.01757
       103     0.24538     0.26273     0.27654    -0.01770
       104     0.25162     0.26461     0.27942    -0.01784
       105     0.25794     0.26632     0.28229    -0.01801
       106     0.26433     0.26788     0.28516    -0.01818
       107     0.27079     0.26933     0.28803    -0.01837
       108     0.27731     0.27058     0.29091    -0.01856
       109     0.28390     0.27167     0.29379    -0.01877
       110     0.29054     0.27264     0.29667    -0.01900
       111     0.29723     0.27341     0.29956    -0.01923
       112     0.30393     0.27404     0.30249    -0.01950
       113     0.31065     0.27446     0.30546    -0.01976
       114     0.31741     0.27471     0.30843    -0.02004
       115     0.32421     0.27483     0.31142    -0.02035
       116     0.33103     0.27474     0.31441    -0.02066
       117     0.33789     0.27451     0.31741    -0.02100
       118     0.34477     0.27406     0.32043    -0.02133
       119     0.35166     0.27344     0.32345    -0.02168
       120     0.35857     0.27268     0.32649    -0.02207
       121     0.36550     0.27170     0.32954    -0.02245
       122     0.37243     0.27053     0.33260    -0.02285
       123     0.37936     0.26923     0.33568    -0.02329
       124     0.38629     0.26771     0.33877    -0.02372
       125     0.39322     0.26605     0.34188    -0.02419
       126     0.40013     0.26416     0.34501    -0.02466
       127     0.40704     0.26209     0.34815    -0.02515
       128     0.41393     0.25989     0.35131    -0.02567
       129     0.42079     0.25746     0.35449    -0.02620
       130     0.42762     0.25485     0.35769    -0.02675
       131     0.43443     0.25207     0.36091    -0.02734
       132     0.44124     0.24915     0.36412    -0.02792
       133     0.44802     0.24600     0.36734    -0.02855
       134     0.45477     0.24268     0.37059    -0.02918
       135     0.46146     0.23925     0.37387    -0.02983
       136     0.46810     0.23560     0.37719    -0.03053
       137     0.47469     0.23180     0.38054    -0.03124
       138     0.48123     0.22785     0.38393    -0.03197
       139     0.48771     0.22382     0.38737    -0.03277
       140     0.49412     0.21958     0.39084    -0.03357
       141     0.50047     0.21521     0.39437    -0.03440
       142     0.50676     0.21070     0.39795    -0.03530
       143     0.51299     0.20606     0.40158    -0.03621
       144     0.51914     0.20137     0.40527    -0.03716
       145     0.52522     0.19649     0.40901    -0.03816
       146     0.53123     0.19149     0.41282    -0.03923
       147     0.53718     0.18639     0.41668    -0.04032
       148     0.54306     0.18118     0.42061    -0.04146
       149     0.54887     0.17587     0.42461    -0.04266
       150     0.55462     0.17046     0.42867    -0.04394
       151     0.56032     0.16500     0.43276    -0.04524
       152     0.56597     0.15937     0.43690    -0.04660
       153     0.57155     0.15366     0.44112    -0.04802
       154     0.57707     0.14787     0.44542    -0.04951
       155     0.58253     0.14200     0.44980    -0.05111
       156     0.58792     0.13606     0.45426    -0.05275
       157     0.59325     0.13004     0.45880    -0.05448
       158     0.59852     0.12396     0.46343    -0.05629
       159     0.60374     0.11782     0.46814    -0.05819
       160     0.60890     0.11161     0.47294    -0.06018
       161     0.61401     0.10534     0.47782    -0.06227
       162     0.61906     0.09900     0.48278    -0.06446
       163     0.62407     0.09262     0.48783    -0.06676
       164     0.62903     0.08617     0.49294    -0.06915
       165     0.63395     0.07967     0.49813    -0.07166
       166     0.63882     0.07311     0.50340    -0.07428
       167     0.64365     0.06650     0.50872    -0.07702
       168     0.64844     0.05983     0.51411    -0.07988
       169     0.65319     0.05311     0.51956    -0.08286
       170     0.65790     0.04635     0.52507    -0.08596
       171     0.66257     0.03953     0.53063    -0.08920
       172     0.66720     0.03261     0.53624    -0.09256
       173     0.67180     0.02571     0.54189    -0.09604
       174     0.67637     0.01875     0.54757    -0.09966
       175     0.68090     0.01174     0.55329    -0.10340
       176     0.68541     0.00468     0.55903    -0.10726
       177     0.68989    -0.00243     0.56479    -0.11125
       178     0.69434    -0.00958     0.57057    -0.11537
       179     0.69876    -0.01678     0.57637    -0.11956
       180     0.70316    -0.02403     0.58217    -0.12392
       181     0.70752    -0.03133     0.58799    -0.12840
       182     0.71187    -0.03867     0.59381    -0.13300
       183     0.71619    -0.04605     0.59963    -0.13772
       184     0.72048    -0.05353     0.60545    -0.14255
       185     0.72475    -0.06099     0.61127    -0.14750
       186     0.72899    -0.06849     0.61708    -0.15256
       187     0.73321    -0.07603     0.62288    -0.15767
       188     0.73741    -0.08361     0.62867    -0.16294
       189     0.74158    -0.09123     0.63445    -0.16830
       190     0.74573    -0.09888     0.64021    -0.17377
       191     0.74986    -0.10657     0.64596    -0.17933
       192     0.75397    -0.11430     0.65168    -0.18499
       193     0.75805    -0.12205     0.65739    -0.19074
       194     0.76211    -0.12984     0.66307    -0.19653
       195     0.76615    -0.13769     0.66873    -0.20244
       196     0.77016    -0.14552     0.67436    -0.20844
       197     0.77415    -0.15338     0.67997    -0.21451
       198     0.77811    -0.16126     0.68555    -0.22067
       199     0.78206    -0.16916     0.69109    -0.22689
       200     0.78598    -0.17709     0.69661    -0.23318
       201     0.78987    -0.18503     0.70210    -0.23949
       202     0.79375    -0.19298     0.70754    -0.24591
       203     0.79759    -0.20095     0.71296    -0.25238
       204     0.80142    -0.20893     0.71834    -0.25891
       205     0.80522    -0.21695     0.72368    -0.26548
       206     0.80899    -0.22494     0.72898    -0.27211
       207     0.81273    -0.23293     0.73425    -0.27878
       208     0.81645    -0.24093     0.73948    -0.28545
       209     0.82014    -0.24892     0.74466    -0.29220
       210     0.82381    -0.25692     0.74980    -0.29897
       211     0.82745    -0.26491     0.75490    -0.30578
       212     0.83106    -0.27289     0.75996    -0.31262
       213     0.83464    -0.28087     0.76498    -0.31947
       214     0.83820    -0.28884     0.76995    -0.32635
       215     0.84173    -0.29680     0.77488    -0.33324
       216     0.84523    -0.30474     0.77977    -0.34012
       217     0.84871    -0.31269     0.78461    -0.34704
       218     0.85215    -0.32058     0.78941    -0.35396
       219     0.85556    -0.32846     0.79416    -0.36089
       220     0.85895    -0.33631     0.79887    -0.36782
       221     0.86230    -0.34413     0.80353    -0.37475
       222     0.86563    -0.35192     0.80814    -0.38168
       223     0.86892    -0.35968     0.81271    -0.38860
       224     0.87218    -0.36741     0.81722    -0.39550
       225     0.87541    -0.37509     0.82169    -0.40236
       226     0.87861    -0.38274     0.82610    -0.40923
       227     0.88177    -0.39034     0.83047    -0.41608
       228     0.88490    -0.39789     0.83478    -0.42290
       229     0.88800    -0.40540     0.83904    -0.42969
       230     0.89107    -0.41287     0.84326    -0.43646
       231     0.89410    -0.42027     0.84742    -0.44319
       232     0.89709    -0.42761     0.85153    -0.44988
       233     0.90005    -0.43489     0.85558    -0.45653
       234     0.90298    -0.44212     0.85959    -0.46313
       235     0.90587    -0.44928     0.86354    -0.46969
       236     0.90872    -0.45637     0.86744    -0.47618
       237     0.91154    -0.46340     0.87128    -0.48264
       238     0.91432    -0.47035     0.87507    -0.48904
       239     0.91706    -0.47724     0.87881    -0.49538
       240     0.91977    -0.48405     0.88249    -0.50167
       241     0.92243    -0.49078     0.88612    -0.50789
       242     0.92506    -0.49744     0.88970    -0.51404
       243     0.92765    -0.50401     0.89322    -0.52013
       244     0.93020    -0.51050     0.89668    -0.52615
       245     0.93271    -0.51691     0.90009    -0.53209
       246     0.93518    -0.52324     0.90344    -0.53796
       247     0.93762    -0.52946     0.90674    -0.54375
       248     0.94001    -0.53560     0.90998    -0.54946
       249     0.94236    -0.54165     0.91317    -0.55509
       250     0.94467    -0.54761     0.91629    -0.56063
       251     0.94693    -0.55346     0.91937    -0.56610
       252     0.94916    -0.55923     0.92238    -0.57147
       253     0.95135    -0.56489     0.92534    -0.57676
       254     0.95349    -0.57045     0.92824    -0.58196
       255     0.95559    -0.57591     0.93108    -0.58706
       256     0.95765    -0.58127     0.93386    -0.59207
       257     0.95966    -0.58653     0.93659    -0.59699
       258     0.96163    -0.59167     0.93925    -0.60181
       259     0.96356    -0.59672     0.94186    -0.60653
       260     0.96545    -0.60165     0.94441    -0.61115
       261     0.96729    -0.60647     0.94690    -0.61567
       262     0.96908    -0.61119     0.94933    -0.62009
       263     0.97084    -0.61579     0.95170    -0.62440
       264     0.97255    -0.62028     0.95401    -0.62861
       265     0.97421    -0.62466     0.95626    -0.63272
       266     0.97583    -0.62892     0.95845    -0.63672
       267     0.97740    -0.63306     0.96058    -0.64061
       268     0.97893    -0.63709     0.96265    -0.64439
       269     0.98041    -0.64101     0.96465    -0.64806
       270     0.98185    -0.64480     0.96660    -0.65163
       271     0.98324    -0.64848     0.96848    -0.65508
       272     0.98459    -0.65204     0.97031    -0.65842
       273     0.98589    -0.65548     0.97207    -0.66165
       274     0.98714    -0.65880     0.97377    -0.66477
       275     0.98835    -0.66199     0.97540    -0.66777
       276     0.98951    -0.66507     0.97698    -0.67066
       277     0.99063    -0.66802     0.97849    -0.67344
       278     0.99169    -0.67086     0.97994    -0.67610
       279     0.99272    -0.67356     0.98132    -0.67864
       280     0.99369    -0.67615     0.98264    -0.68107
       281     0.99462    -0.67861     0.98390    -0.68339
       282     0.99550    -0.68095     0.98510    -0.68558
       283     0.99633    -0.68316     0.98623    -0.68766
       284     0.99712    -0.68525     0.98730    -0.68962
       285     0.99786    -0.68721     0.98830    -0.69147
       286     0.99855    -0.68905     0.98924    -0.69319
       287     0.99919    -0.69076     0.99012    -0.69480
       288     0.99979    -0.69234     0.99093    -0.69629
       289     1.00034    -0.69380     0.99167    -0.69766
       290     1.00084    -0.69514     0.99236    -0.69891
       291     1.00129    -0.69634     0.99297    -0.70005
       292     1.00170    -0.69742     0.99353    -0.70106
       293     1.00206    -0.69838     0.99401    -0.70196
       294     1.00237    -0.69920     0.99444    -0.70274
       295     1.00263    -0.69990     0.99479    -0.70339
       296     1.00285    -0.70047     0.99509    -0.70393
       297     1.00302    -0.70092     0.99531    -0.70435
       298     1.00314    -0.70124     0.99548    -0.70465
       299     1.00321    -0.70143     0.99557    -0.70483
       300     1.00323    -0.70149     0.99561    -0.70489
  COORDINATES GOING ROUND THE BLADE AFTER ANY ROTATION
     N        XSURF        YSURF 
         1     0.00354    -0.00625
         2     0.00324    -0.00582
         3     0.00266    -0.00494
         4     0.00213    -0.00401
         5     0.00165    -0.00302
         6     0.00121    -0.00196
         7     0.00080    -0.00084
         8     0.00043     0.00036
         9     0.00009     0.00162
        10    -0.00022     0.00298
        11    -0.00051     0.00441
        12    -0.00077     0.00593
        13    -0.00102     0.00753
        14    -0.00124     0.00923
        15    -0.00144     0.01103
        16    -0.00163     0.01292
        17    -0.00180     0.01490
        18    -0.00195     0.01699
        19    -0.00208     0.01917
        20    -0.00220     0.02145
        21    -0.00230     0.02383
        22    -0.00239     0.02631
        23    -0.00237     0.02878
        24    -0.00222     0.03120
        25    -0.00198     0.03361
        26    -0.00167     0.03608
        27    -0.00128     0.03855
        28    -0.00082     0.04107
        29    -0.00029     0.04360
        30     0.00032     0.04615
        31     0.00101     0.04872
        32     0.00178     0.05133
        33     0.00263     0.05393
        34     0.00356     0.05654
        35     0.00458     0.05916
        36     0.00568     0.06178
        37     0.00687     0.06441
        38     0.00814     0.06704
        39     0.00950     0.06967
        40     0.01094     0.07231
        41     0.01247     0.07496
        42     0.01406     0.07764
        43     0.01573     0.08032
        44     0.01746     0.08303
        45     0.01924     0.08579
        46     0.02108     0.08858
        47     0.02298     0.09142
        48     0.02493     0.09430
        49     0.02693     0.09721
        50     0.02900     0.10017
        51     0.03111     0.10316
        52     0.03329     0.10619
        53     0.03553     0.10925
        54     0.03782     0.11235
        55     0.04017     0.11549
        56     0.04258     0.11865
        57     0.04506     0.12185
        58     0.04759     0.12508
        59     0.05019     0.12833
        60     0.05285     0.13162
        61     0.05558     0.13493
        62     0.05837     0.13827
        63     0.06122     0.14165
        64     0.06415     0.14504
        65     0.06714     0.14844
        66     0.07020     0.15187
        67     0.07333     0.15532
        68     0.07653     0.15878
        69     0.07980     0.16225
        70     0.08315     0.16574
        71     0.08657     0.16924
        72     0.09007     0.17275
        73     0.09365     0.17629
        74     0.09730     0.17981
        75     0.10104     0.18333
        76     0.10485     0.18685
        77     0.10875     0.19037
        78     0.11273     0.19387
        79     0.11680     0.19737
        80     0.12095     0.20089
        81     0.12519     0.20436
        82     0.12952     0.20781
        83     0.13394     0.21124
        84     0.13845     0.21464
        85     0.14305     0.21804
        86     0.14775     0.22137
        87     0.15253     0.22465
        88     0.15741     0.22789
        89     0.16239     0.23112
        90     0.16744     0.23424
        91     0.17257     0.23729
        92     0.17780     0.24028
        93     0.18313     0.24323
        94     0.18854     0.24606
        95     0.19405     0.24881
        96     0.19965     0.25150
        97     0.20534     0.25407
        98     0.21111     0.25653
        99     0.21698     0.25893
       100     0.22293     0.26117
       101     0.22897     0.26329
       102     0.23508     0.26534
       103     0.24128     0.26721
       104     0.24755     0.26898
       105     0.25390     0.27058
       106     0.26031     0.27202
       107     0.26680     0.27336
       108     0.27334     0.27450
       109     0.27994     0.27548
       110     0.28660     0.27633
       111     0.29331     0.27698
       112     0.30002     0.27750
       113     0.30674     0.27780
       114     0.31351     0.27793
       115     0.32031     0.27793
       116     0.32713     0.27772
       117     0.33398     0.27737
       118     0.34085     0.27681
       119     0.34773     0.27606
       120     0.35463     0.27518
       121     0.36153     0.27408
       122     0.36844     0.27279
       123     0.37535     0.27137
       124     0.38225     0.26973
       125     0.38915     0.26795
       126     0.39603     0.26594
       127     0.40290     0.26375
       128     0.40975     0.26143
       129     0.41657     0.25888
       130     0.42336     0.25615
       131     0.43012     0.25325
       132     0.43687     0.25021
       133     0.44360     0.24694
       134     0.45028     0.24350
       135     0.45691     0.23996
       136     0.46349     0.23620
       137     0.47002     0.23229
       138     0.47648     0.22822
       139     0.48289     0.22407
       140     0.48923     0.21973
       141     0.49550     0.21524
       142     0.50171     0.21063
       143     0.50785     0.20588
       144     0.51392     0.20108
       145     0.51992     0.19609
       146     0.52585     0.19099
       147     0.53170     0.18579
       148     0.53749     0.18047
       149     0.54321     0.17506
       150     0.54886     0.16955
       151     0.55446     0.16400
       152     0.56001     0.15827
       153     0.56550     0.15246
       154     0.57091     0.14658
       155     0.57627     0.14061
       156     0.58155     0.13458
       157     0.58678     0.12847
       158     0.59195     0.12230
       159     0.59705     0.11606
       160     0.60210     0.10976
       161     0.60710     0.10341
       162     0.61205     0.09699
       163     0.61694     0.09051
       164     0.62179     0.08398
       165     0.62659     0.07739
       166     0.63135     0.07075
       167     0.63606     0.06406
       168     0.64073     0.05731
       169     0.64536     0.05051
       170     0.64996     0.04366
       171     0.65451     0.03677
       172     0.65902     0.02977
       173     0.66350     0.02278
       174     0.66794     0.01574
       175     0.67235     0.00865
       176     0.67674     0.00152
       177     0.68109    -0.00567
       178     0.68541    -0.01290
       179     0.68971    -0.02017
       180     0.69398    -0.02750
       181     0.69822    -0.03487
       182     0.70244    -0.04228
       183     0.70663    -0.04974
       184     0.71079    -0.05729
       185     0.71492    -0.06482
       186     0.71904    -0.07240
       187     0.72312    -0.08001
       188     0.72719    -0.08767
       189     0.73123    -0.09536
       190     0.73524    -0.10308
       191     0.73924    -0.11084
       192     0.74321    -0.11864
       193     0.74716    -0.12646
       194     0.75108    -0.13432
       195     0.75498    -0.14224
       196     0.75885    -0.15014
       197     0.76270    -0.15807
       198     0.76653    -0.16602
       199     0.77034    -0.17399
       200     0.77412    -0.18197
       201     0.77787    -0.18998
       202     0.78161    -0.19800
       203     0.78532    -0.20603
       204     0.78900    -0.21408
       205     0.79266    -0.22217
       206     0.79629    -0.23022
       207     0.79989    -0.23828
       208     0.80347    -0.24634
       209     0.80702    -0.25440
       210     0.81055    -0.26245
       211     0.81405    -0.27051
       212     0.81752    -0.27855
       213     0.82096    -0.28659
       214     0.82438    -0.29462
       215     0.82777    -0.30264
       216     0.83114    -0.31064
       217     0.83447    -0.31865
       218     0.83777    -0.32660
       219     0.84105    -0.33454
       220     0.84430    -0.34245
       221     0.84751    -0.35033
       222     0.85070    -0.35818
       223     0.85386    -0.36599
       224     0.85699    -0.37377
       225     0.86008    -0.38151
       226     0.86314    -0.38921
       227     0.86618    -0.39686
       228     0.86918    -0.40447
       229     0.87214    -0.41203
       230     0.87508    -0.41955
       231     0.87798    -0.42700
       232     0.88084    -0.43440
       233     0.88368    -0.44173
       234     0.88648    -0.44900
       235     0.88924    -0.45621
       236     0.89197    -0.46336
       237     0.89466    -0.47043
       238     0.89732    -0.47744
       239     0.89994    -0.48437
       240     0.90253    -0.49122
       241     0.90508    -0.49800
       242     0.90759    -0.50470
       243     0.91006    -0.51132
       244     0.91250    -0.51786
       245     0.91490    -0.52430
       246     0.91726    -0.53067
       247     0.91958    -0.53695
       248     0.92187    -0.54313
       249     0.92411    -0.54921
       250     0.92632    -0.55521
       251     0.92848    -0.56110
       252     0.93061    -0.56690
       253     0.93269    -0.57260
       254     0.93474    -0.57820
       255     0.93674    -0.58370
       256     0.93871    -0.58909
       257     0.94063    -0.59438
       258     0.94251    -0.59956
       259     0.94435    -0.60464
       260     0.94615    -0.60960
       261     0.94791    -0.61446
       262     0.94962    -0.61920
       263     0.95129    -0.62384
       264     0.95292    -0.62836
       265     0.95451    -0.63276
       266     0.95605    -0.63705
       267     0.95755    -0.64122
       268     0.95901    -0.64528
       269     0.96043    -0.64922
       270     0.96180    -0.65304
       271     0.96313    -0.65674
       272     0.96441    -0.66032
       273     0.96565    -0.66378
       274     0.96684    -0.66712
       275     0.96800    -0.67034
       276     0.96910    -0.67344
       277     0.97017    -0.67641
       278     0.97118    -0.67926
       279     0.97216    -0.68198
       280     0.97309    -0.68459
       281     0.97397    -0.68706
       282     0.97478    -0.68943
       283     0.97550    -0.69169
       284     0.97614    -0.69384
       285     0.97670    -0.69587
       286     0.97719    -0.69779
       287     0.97763    -0.69959
       288     0.97800    -0.70127
       289     0.97832    -0.70282
       290     0.97858    -0.70426
       291     0.97879    -0.70557
       292     0.97894    -0.70675
       293     0.97905    -0.70781
       294     0.97910    -0.70875
       295     0.97911    -0.70956
       296     0.97906    -0.71024
       297     0.97896    -0.71080
       298     0.97881    -0.71123
       299     0.97860    -0.71154
       300     0.97849    -0.71166
       301     0.97820    -0.71178
       302     0.97803    -0.71178
       303     0.97766    -0.71172
       304     0.97724    -0.71153
       305     0.97676    -0.71121
       306     0.97622    -0.71078
       307     0.97563    -0.71022
       308     0.97498    -0.70954
       309     0.97427    -0.70874
       310     0.97351    -0.70781
       311     0.97268    -0.70676
       312     0.97181    -0.70559
       313     0.97088    -0.70429
       314     0.96990    -0.70287
       315     0.96887    -0.70133
       316     0.96779    -0.69965
       317     0.96668    -0.69785
       318     0.96554    -0.69592
       319     0.96436    -0.69385
       320     0.96318    -0.69165
       321     0.96196    -0.68932
       322     0.96068    -0.68687
       323     0.95934    -0.68430
       324     0.95794    -0.68161
       325     0.95647    -0.67881
       326     0.95495    -0.67589
       327     0.95337    -0.67286
       328     0.95172    -0.66972
       329     0.95002    -0.66646
       330     0.94825    -0.66308
       331     0.94643    -0.65960
       332     0.94455    -0.65600
       333     0.94260    -0.65229
       334     0.94060    -0.64847
       335     0.93854    -0.64455
       336     0.93642    -0.64051
       337     0.93424    -0.63637
       338     0.93201    -0.63211
       339     0.92971    -0.62776
       340     0.92736    -0.62330
       341     0.92495    -0.61874
       342     0.92248    -0.61407
       343     0.91996    -0.60931
       344     0.91737    -0.60444
       345     0.91474    -0.59948
       346     0.91204    -0.59442
       347     0.90929    -0.58927
       348     0.90648    -0.58402
       349     0.90362    -0.57868
       350     0.90070    -0.57325
       351     0.89772    -0.56774
       352     0.89469    -0.56214
       353     0.89160    -0.55646
       354     0.88846    -0.55069
       355     0.88527    -0.54484
       356     0.88202    -0.53891
       357     0.87871    -0.53291
       358     0.87535    -0.52684
       359     0.87194    -0.52069
       360     0.86847    -0.51447
       361     0.86495    -0.50819
       362     0.86138    -0.50184
       363     0.85775    -0.49544
       364     0.85408    -0.48897
       365     0.85034    -0.48245
       366     0.84656    -0.47589
       367     0.84272    -0.46926
       368     0.83883    -0.46259
       369     0.83489    -0.45587
       370     0.83090    -0.44910
       371     0.82686    -0.44231
       372     0.82277    -0.43547
       373     0.81862    -0.42860
       374     0.81443    -0.42171
       375     0.81018    -0.41479
       376     0.80589    -0.40784
       377     0.80154    -0.40090
       378     0.79715    -0.39392
       379     0.79271    -0.38692
       380     0.78821    -0.37992
       381     0.78368    -0.37291
       382     0.77909    -0.36589
       383     0.77446    -0.35888
       384     0.76979    -0.35188
       385     0.76507    -0.34487
       386     0.76030    -0.33791
       387     0.75549    -0.33093
       388     0.75064    -0.32397
       389     0.74574    -0.31703
       390     0.74080    -0.31011
       391     0.73582    -0.30321
       392     0.73080    -0.29635
       393     0.72573    -0.28951
       394     0.72062    -0.28275
       395     0.71547    -0.27599
       396     0.71028    -0.26927
       397     0.70506    -0.26260
       398     0.69979    -0.25598
       399     0.69449    -0.24942
       400     0.68916    -0.24291
       401     0.68379    -0.23650
       402     0.67838    -0.23011
       403     0.67294    -0.22379
       404     0.66747    -0.21755
       405     0.66197    -0.21137
       406     0.65645    -0.20528
       407     0.65089    -0.19927
       408     0.64531    -0.19338
       409     0.63971    -0.18753
       410     0.63408    -0.18178
       411     0.62843    -0.17611
       412     0.62276    -0.17055
       413     0.61708    -0.16508
       414     0.61138    -0.15972
       415     0.60567    -0.15450
       416     0.59995    -0.14934
       417     0.59422    -0.14430
       418     0.58848    -0.13936
       419     0.58274    -0.13454
       420     0.57701    -0.12984
       421     0.57127    -0.12526
       422     0.56554    -0.12080
       423     0.55982    -0.11651
       424     0.55411    -0.11229
       425     0.54842    -0.10820
       426     0.54275    -0.10423
       427     0.53710    -0.10040
       428     0.53148    -0.09668
       429     0.52589    -0.09310
       430     0.52034    -0.08964
       431     0.51484    -0.08631
       432     0.50938    -0.08311
       433     0.50399    -0.08003
       434     0.49865    -0.07708
       435     0.49337    -0.07425
       436     0.48816    -0.07154
       437     0.48301    -0.06894
       438     0.47794    -0.06646
       439     0.47294    -0.06408
       440     0.46801    -0.06180
       441     0.46317    -0.05963
       442     0.45841    -0.05755
       443     0.45373    -0.05557
       444     0.44913    -0.05368
       445     0.44462    -0.05187
       446     0.44018    -0.05015
       447     0.43583    -0.04847
       448     0.43156    -0.04691
       449     0.42737    -0.04541
       450     0.42326    -0.04398
       451     0.41918    -0.04261
       452     0.41515    -0.04126
       453     0.41117    -0.03999
       454     0.40726    -0.03878
       455     0.40342    -0.03762
       456     0.39964    -0.03649
       457     0.39591    -0.03543
       458     0.39224    -0.03441
       459     0.38863    -0.03344
       460     0.38506    -0.03248
       461     0.38155    -0.03158
       462     0.37808    -0.03072
       463     0.37466    -0.02987
       464     0.37128    -0.02907
       465     0.36795    -0.02831
       466     0.36464    -0.02755
       467     0.36137    -0.02684
       468     0.35814    -0.02615
       469     0.35493    -0.02547
       470     0.35173    -0.02483
       471     0.34852    -0.02419
       472     0.34533    -0.02358
       473     0.34216    -0.02300
       474     0.33901    -0.02242
       475     0.33587    -0.02188
       476     0.33276    -0.02135
       477     0.32966    -0.02083
       478     0.32657    -0.02034
       479     0.32350    -0.01985
       480     0.32045    -0.01940
       481     0.31740    -0.01896
       482     0.31437    -0.01852
       483     0.31136    -0.01812
       484     0.30835    -0.01773
       485     0.30535    -0.01734
       486     0.30236    -0.01698
       487     0.29939    -0.01662
       488     0.29642    -0.01629
       489     0.29346    -0.01597
       490     0.29052    -0.01566
       491     0.28764    -0.01538
       492     0.28476    -0.01509
       493     0.28189    -0.01484
       494     0.27902    -0.01459
       495     0.27615    -0.01435
       496     0.27328    -0.01413
       497     0.27041    -0.01391
       498     0.26754    -0.01372
       499     0.26466    -0.01354
       500     0.26179    -0.01335
       501     0.25890    -0.01320
       502     0.25601    -0.01305
       503     0.25311    -0.01290
       504     0.25021    -0.01278
       505     0.24729    -0.01266
       506     0.24437    -0.01256
       507     0.24144    -0.01248
       508     0.23850    -0.01239
       509     0.23554    -0.01233
       510     0.23258    -0.01228
       511     0.22961    -0.01223
       512     0.22663    -0.01220
       513     0.22367    -0.01219
       514     0.22070    -0.01217
       515     0.21771    -0.01218
       516     0.21471    -0.01220
       517     0.21169    -0.01222
       518     0.20866    -0.01227
       519     0.20562    -0.01233
       520     0.20256    -0.01240
       521     0.19949    -0.01247
       522     0.19641    -0.01256
       523     0.19331    -0.01267
       524     0.19020    -0.01277
       525     0.18708    -0.01290
       526     0.18396    -0.01304
       527     0.18082    -0.01320
       528     0.17767    -0.01336
       529     0.17452    -0.01354
       530     0.17136    -0.01373
       531     0.16820    -0.01393
       532     0.16503    -0.01414
       533     0.16186    -0.01436
       534     0.15869    -0.01459
       535     0.15552    -0.01484
       536     0.15236    -0.01510
       537     0.14919    -0.01536
       538     0.14603    -0.01563
       539     0.14288    -0.01591
       540     0.13973    -0.01620
       541     0.13659    -0.01650
       542     0.13347    -0.01680
       543     0.13035    -0.01711
       544     0.12725    -0.01743
       545     0.12417    -0.01775
       546     0.12110    -0.01807
       547     0.11805    -0.01840
       548     0.11502    -0.01873
       549     0.11201    -0.01906
       550     0.10902    -0.01940
       551     0.10606    -0.01973
       552     0.10312    -0.02006
       553     0.10021    -0.02040
       554     0.09733    -0.02073
       555     0.09448    -0.02105
       556     0.09167    -0.02138
       557     0.08888    -0.02170
       558     0.08613    -0.02201
       559     0.08340    -0.02231
       560     0.08070    -0.02257
       561     0.07801    -0.02280
       562     0.07534    -0.02298
       563     0.07267    -0.02311
       564     0.07002    -0.02319
       565     0.06738    -0.02322
       566     0.06474    -0.02319
       567     0.06213    -0.02311
       568     0.05952    -0.02297
       569     0.05694    -0.02280
       570     0.05437    -0.02256
       571     0.05183    -0.02229
       572     0.04932    -0.02197
       573     0.04684    -0.02161
       574     0.04439    -0.02122
       575     0.04199    -0.02081
       576     0.03963    -0.02036
       577     0.03733    -0.01989
       578     0.03508    -0.01941
       579     0.03290    -0.01893
       580     0.03079    -0.01844
       581     0.02874    -0.01795
       582     0.02677    -0.01745
       583     0.02487    -0.01694
       584     0.02303    -0.01642
       585     0.02128    -0.01590
       586     0.01959    -0.01538
       587     0.01799    -0.01484
       588     0.01646    -0.01431
       589     0.01501    -0.01376
       590     0.01364    -0.01321
       591     0.01234    -0.01264
       592     0.01112    -0.01207
       593     0.00997    -0.01147
       594     0.00889    -0.01086
       595     0.00789    -0.01024
       596     0.00696    -0.00958
       597     0.00609    -0.00890
       598     0.00529    -0.00819
       599     0.00455    -0.00744
       600     0.00419    -0.00706
  LEADING EDGE POINT =           22  TE POINT =         295

  NO OF SUCT S POINTS         274  NO PRESS S POINTS         328
  XMIN,XMAX, XCHORD    -2.38543749E-03  0.979107201      0.981492639    

   SUCTION SURFACE POINTS FROM LE TO TE.
         1    -0.00239     0.02631
         2    -0.00237     0.02878
         3    -0.00222     0.03120
         4    -0.00198     0.03361
         5    -0.00167     0.03608
         6    -0.00128     0.03855
         7    -0.00082     0.04107
         8    -0.00029     0.04360
         9     0.00032     0.04615
        10     0.00101     0.04872
        11     0.00178     0.05133
        12     0.00263     0.05393
        13     0.00356     0.05654
        14     0.00458     0.05916
        15     0.00568     0.06178
        16     0.00687     0.06441
        17     0.00814     0.06704
        18     0.00950     0.06967
        19     0.01094     0.07231
        20     0.01247     0.07496
        21     0.01406     0.07764
        22     0.01573     0.08032
        23     0.01746     0.08303
        24     0.01924     0.08579
        25     0.02108     0.08858
        26     0.02298     0.09142
        27     0.02493     0.09430
        28     0.02693     0.09721
        29     0.02900     0.10017
        30     0.03111     0.10316
        31     0.03329     0.10619
        32     0.03553     0.10925
        33     0.03782     0.11235
        34     0.04017     0.11549
        35     0.04258     0.11865
        36     0.04506     0.12185
        37     0.04759     0.12508
        38     0.05019     0.12833
        39     0.05285     0.13162
        40     0.05558     0.13493
        41     0.05837     0.13827
        42     0.06122     0.14165
        43     0.06415     0.14504
        44     0.06714     0.14844
        45     0.07020     0.15187
        46     0.07333     0.15532
        47     0.07653     0.15878
        48     0.07980     0.16225
        49     0.08315     0.16574
        50     0.08657     0.16924
        51     0.09007     0.17275
        52     0.09365     0.17629
        53     0.09730     0.17981
        54     0.10104     0.18333
        55     0.10485     0.18685
        56     0.10875     0.19037
        57     0.11273     0.19387
        58     0.11680     0.19737
        59     0.12095     0.20089
        60     0.12519     0.20436
        61     0.12952     0.20781
        62     0.13394     0.21124
        63     0.13845     0.21464
        64     0.14305     0.21804
        65     0.14775     0.22137
        66     0.15253     0.22465
        67     0.15741     0.22789
        68     0.16239     0.23112
        69     0.16744     0.23424
        70     0.17257     0.23729
        71     0.17780     0.24028
        72     0.18313     0.24323
        73     0.18854     0.24606
        74     0.19405     0.24881
        75     0.19965     0.25150
        76     0.20534     0.25407
        77     0.21111     0.25653
        78     0.21698     0.25893
        79     0.22293     0.26117
        80     0.22897     0.26329
        81     0.23508     0.26534
        82     0.24128     0.26721
        83     0.24755     0.26898
        84     0.25390     0.27058
        85     0.26031     0.27202
        86     0.26680     0.27336
        87     0.27334     0.27450
        88     0.27994     0.27548
        89     0.28660     0.27633
        90     0.29331     0.27698
        91     0.30002     0.27750
        92     0.30674     0.27780
        93     0.31351     0.27793
        94     0.32031     0.27793
        95     0.32713     0.27772
        96     0.33398     0.27737
        97     0.34085     0.27681
        98     0.34773     0.27606
        99     0.35463     0.27518
       100     0.36153     0.27408
       101     0.36844     0.27279
       102     0.37535     0.27137
       103     0.38225     0.26973
       104     0.38915     0.26795
       105     0.39603     0.26594
       106     0.40290     0.26375
       107     0.40975     0.26143
       108     0.41657     0.25888
       109     0.42336     0.25615
       110     0.43012     0.25325
       111     0.43687     0.25021
       112     0.44360     0.24694
       113     0.45028     0.24350
       114     0.45691     0.23996
       115     0.46349     0.23620
       116     0.47002     0.23229
       117     0.47648     0.22822
       118     0.48289     0.22407
       119     0.48923     0.21973
       120     0.49550     0.21524
       121     0.50171     0.21063
       122     0.50785     0.20588
       123     0.51392     0.20108
       124     0.51992     0.19609
       125     0.52585     0.19099
       126     0.53170     0.18579
       127     0.53749     0.18047
       128     0.54321     0.17506
       129     0.54886     0.16955
       130     0.55446     0.16400
       131     0.56001     0.15827
       132     0.56550     0.15246
       133     0.57091     0.14658
       134     0.57627     0.14061
       135     0.58155     0.13458
       136     0.58678     0.12847
       137     0.59195     0.12230
       138     0.59705     0.11606
       139     0.60210     0.10976
       140     0.60710     0.10341
       141     0.61205     0.09699
       142     0.61694     0.09051
       143     0.62179     0.08398
       144     0.62659     0.07739
       145     0.63135     0.07075
       146     0.63606     0.06406
       147     0.64073     0.05731
       148     0.64536     0.05051
       149     0.64996     0.04366
       150     0.65451     0.03677
       151     0.65902     0.02977
       152     0.66350     0.02278
       153     0.66794     0.01574
       154     0.67235     0.00865
       155     0.67674     0.00152
       156     0.68109    -0.00567
       157     0.68541    -0.01290
       158     0.68971    -0.02017
       159     0.69398    -0.02750
       160     0.69822    -0.03487
       161     0.70244    -0.04228
       162     0.70663    -0.04974
       163     0.71079    -0.05729
       164     0.71492    -0.06482
       165     0.71904    -0.07240
       166     0.72312    -0.08001
       167     0.72719    -0.08767
       168     0.73123    -0.09536
       169     0.73524    -0.10308
       170     0.73924    -0.11084
       171     0.74321    -0.11864
       172     0.74716    -0.12646
       173     0.75108    -0.13432
       174     0.75498    -0.14224
       175     0.75885    -0.15014
       176     0.76270    -0.15807
       177     0.76653    -0.16602
       178     0.77034    -0.17399
       179     0.77412    -0.18197
       180     0.77787    -0.18998
       181     0.78161    -0.19800
       182     0.78532    -0.20603
       183     0.78900    -0.21408
       184     0.79266    -0.22217
       185     0.79629    -0.23022
       186     0.79989    -0.23828
       187     0.80347    -0.24634
       188     0.80702    -0.25440
       189     0.81055    -0.26245
       190     0.81405    -0.27051
       191     0.81752    -0.27855
       192     0.82096    -0.28659
       193     0.82438    -0.29462
       194     0.82777    -0.30264
       195     0.83114    -0.31064
       196     0.83447    -0.31865
       197     0.83777    -0.32660
       198     0.84105    -0.33454
       199     0.84430    -0.34245
       200     0.84751    -0.35033
       201     0.85070    -0.35818
       202     0.85386    -0.36599
       203     0.85699    -0.37377
       204     0.86008    -0.38151
       205     0.86314    -0.38921
       206     0.86618    -0.39686
       207     0.86918    -0.40447
       208     0.87214    -0.41203
       209     0.87508    -0.41955
       210     0.87798    -0.42700
       211     0.88084    -0.43440
       212     0.88368    -0.44173
       213     0.88648    -0.44900
       214     0.88924    -0.45621
       215     0.89197    -0.46336
       216     0.89466    -0.47043
       217     0.89732    -0.47744
       218     0.89994    -0.48437
       219     0.90253    -0.49122
       220     0.90508    -0.49800
       221     0.90759    -0.50470
       222     0.91006    -0.51132
       223     0.91250    -0.51786
       224     0.91490    -0.52430
       225     0.91726    -0.53067
       226     0.91958    -0.53695
       227     0.92187    -0.54313
       228     0.92411    -0.54921
       229     0.92632    -0.55521
       230     0.92848    -0.56110
       231     0.93061    -0.56690
       232     0.93269    -0.57260
       233     0.93474    -0.57820
       234     0.93674    -0.58370
       235     0.93871    -0.58909
       236     0.94063    -0.59438
       237     0.94251    -0.59956
       238     0.94435    -0.60464
       239     0.94615    -0.60960
       240     0.94791    -0.61446
       241     0.94962    -0.61920
       242     0.95129    -0.62384
       243     0.95292    -0.62836
       244     0.95451    -0.63276
       245     0.95605    -0.63705
       246     0.95755    -0.64122
       247     0.95901    -0.64528
       248     0.96043    -0.64922
       249     0.96180    -0.65304
       250     0.96313    -0.65674
       251     0.96441    -0.66032
       252     0.96565    -0.66378
       253     0.96684    -0.66712
       254     0.96800    -0.67034
       255     0.96910    -0.67344
       256     0.97017    -0.67641
       257     0.97118    -0.67926
       258     0.97216    -0.68198
       259     0.97309    -0.68459
       260     0.97397    -0.68706
       261     0.97478    -0.68943
       262     0.97550    -0.69169
       263     0.97614    -0.69384
       264     0.97670    -0.69587
       265     0.97719    -0.69779
       266     0.97763    -0.69959
       267     0.97800    -0.70127
       268     0.97832    -0.70282
       269     0.97858    -0.70426
       270     0.97879    -0.70557
       271     0.97894    -0.70675
       272     0.97905    -0.70781
       273     0.97910    -0.70875
       274     0.97911    -0.70956

   PRESSURE SURFACE POINTS FROM LE TO TE.
         1    -0.00239     0.02631
         2    -0.00230     0.02383
         3    -0.00220     0.02145
         4    -0.00208     0.01917
         5    -0.00195     0.01699
         6    -0.00180     0.01490
         7    -0.00163     0.01292
         8    -0.00144     0.01103
         9    -0.00124     0.00923
        10    -0.00102     0.00753
        11    -0.00077     0.00593
        12    -0.00051     0.00441
        13    -0.00022     0.00298
        14     0.00009     0.00162
        15     0.00043     0.00036
        16     0.00080    -0.00084
        17     0.00121    -0.00196
        18     0.00165    -0.00302
        19     0.00213    -0.00401
        20     0.00266    -0.00494
        21     0.00324    -0.00582
        22     0.00354    -0.00625
        23     0.00419    -0.00706
        24     0.00455    -0.00744
        25     0.00529    -0.00819
        26     0.00609    -0.00890
        27     0.00696    -0.00958
        28     0.00789    -0.01024
        29     0.00889    -0.01086
        30     0.00997    -0.01147
        31     0.01112    -0.01207
        32     0.01234    -0.01264
        33     0.01364    -0.01321
        34     0.01501    -0.01376
        35     0.01646    -0.01431
        36     0.01799    -0.01484
        37     0.01959    -0.01538
        38     0.02128    -0.01590
        39     0.02303    -0.01642
        40     0.02487    -0.01694
        41     0.02677    -0.01745
        42     0.02874    -0.01795
        43     0.03079    -0.01844
        44     0.03290    -0.01893
        45     0.03508    -0.01941
        46     0.03733    -0.01989
        47     0.03963    -0.02036
        48     0.04199    -0.02081
        49     0.04439    -0.02122
        50     0.04684    -0.02161
        51     0.04932    -0.02197
        52     0.05183    -0.02229
        53     0.05437    -0.02256
        54     0.05694    -0.02280
        55     0.05952    -0.02297
        56     0.06213    -0.02311
        57     0.06474    -0.02319
        58     0.06738    -0.02322
        59     0.07002    -0.02319
        60     0.07267    -0.02311
        61     0.07534    -0.02298
        62     0.07801    -0.02280
        63     0.08070    -0.02257
        64     0.08340    -0.02231
        65     0.08613    -0.02201
        66     0.08888    -0.02170
        67     0.09167    -0.02138
        68     0.09448    -0.02105
        69     0.09733    -0.02073
        70     0.10021    -0.02040
        71     0.10312    -0.02006
        72     0.10606    -0.01973
        73     0.10902    -0.01940
        74     0.11201    -0.01906
        75     0.11502    -0.01873
        76     0.11805    -0.01840
        77     0.12110    -0.01807
        78     0.12417    -0.01775
        79     0.12725    -0.01743
        80     0.13035    -0.01711
        81     0.13347    -0.01680
        82     0.13659    -0.01650
        83     0.13973    -0.01620
        84     0.14288    -0.01591
        85     0.14603    -0.01563
        86     0.14919    -0.01536
        87     0.15236    -0.01510
        88     0.15552    -0.01484
        89     0.15869    -0.01459
        90     0.16186    -0.01436
        91     0.16503    -0.01414
        92     0.16820    -0.01393
        93     0.17136    -0.01373
        94     0.17452    -0.01354
        95     0.17767    -0.01336
        96     0.18082    -0.01320
        97     0.18396    -0.01304
        98     0.18708    -0.01290
        99     0.19020    -0.01277
       100     0.19331    -0.01267
       101     0.19641    -0.01256
       102     0.19949    -0.01247
       103     0.20256    -0.01240
       104     0.20562    -0.01233
       105     0.20866    -0.01227
       106     0.21169    -0.01222
       107     0.21471    -0.01220
       108     0.21771    -0.01218
       109     0.22070    -0.01217
       110     0.22367    -0.01219
       111     0.22663    -0.01220
       112     0.22961    -0.01223
       113     0.23258    -0.01228
       114     0.23554    -0.01233
       115     0.23850    -0.01239
       116     0.24144    -0.01248
       117     0.24437    -0.01256
       118     0.24729    -0.01266
       119     0.25021    -0.01278
       120     0.25311    -0.01290
       121     0.25601    -0.01305
       122     0.25890    -0.01320
       123     0.26179    -0.01335
       124     0.26466    -0.01354
       125     0.26754    -0.01372
       126     0.27041    -0.01391
       127     0.27328    -0.01413
       128     0.27615    -0.01435
       129     0.27902    -0.01459
       130     0.28189    -0.01484
       131     0.28476    -0.01509
       132     0.28764    -0.01538
       133     0.29052    -0.01566
       134     0.29346    -0.01597
       135     0.29642    -0.01629
       136     0.29939    -0.01662
       137     0.30236    -0.01698
       138     0.30535    -0.01734
       139     0.30835    -0.01773
       140     0.31136    -0.01812
       141     0.31437    -0.01852
       142     0.31740    -0.01896
       143     0.32045    -0.01940
       144     0.32350    -0.01985
       145     0.32657    -0.02034
       146     0.32966    -0.02083
       147     0.33276    -0.02135
       148     0.33587    -0.02188
       149     0.33901    -0.02242
       150     0.34216    -0.02300
       151     0.34533    -0.02358
       152     0.34852    -0.02419
       153     0.35173    -0.02483
       154     0.35493    -0.02547
       155     0.35814    -0.02615
       156     0.36137    -0.02684
       157     0.36464    -0.02755
       158     0.36795    -0.02831
       159     0.37128    -0.02907
       160     0.37466    -0.02987
       161     0.37808    -0.03072
       162     0.38155    -0.03158
       163     0.38506    -0.03248
       164     0.38863    -0.03344
       165     0.39224    -0.03441
       166     0.39591    -0.03543
       167     0.39964    -0.03649
       168     0.40342    -0.03762
       169     0.40726    -0.03878
       170     0.41117    -0.03999
       171     0.41515    -0.04126
       172     0.41918    -0.04261
       173     0.42326    -0.04398
       174     0.42737    -0.04541
       175     0.43156    -0.04691
       176     0.43583    -0.04847
       177     0.44018    -0.05015
       178     0.44462    -0.05187
       179     0.44913    -0.05368
       180     0.45373    -0.05557
       181     0.45841    -0.05755
       182     0.46317    -0.05963
       183     0.46801    -0.06180
       184     0.47294    -0.06408
       185     0.47794    -0.06646
       186     0.48301    -0.06894
       187     0.48816    -0.07154
       188     0.49337    -0.07425
       189     0.49865    -0.07708
       190     0.50399    -0.08003
       191     0.50938    -0.08311
       192     0.51484    -0.08631
       193     0.52034    -0.08964
       194     0.52589    -0.09310
       195     0.53148    -0.09668
       196     0.53710    -0.10040
       197     0.54275    -0.10423
       198     0.54842    -0.10820
       199     0.55411    -0.11229
       200     0.55982    -0.11651
       201     0.56554    -0.12080
       202     0.57127    -0.12526
       203     0.57701    -0.12984
       204     0.58274    -0.13454
       205     0.58848    -0.13936
       206     0.59422    -0.14430
       207     0.59995    -0.14934
       208     0.60567    -0.15450
       209     0.61138    -0.15972
       210     0.61708    -0.16508
       211     0.62276    -0.17055
       212     0.62843    -0.17611
       213     0.63408    -0.18178
       214     0.63971    -0.18753
       215     0.64531    -0.19338
       216     0.65089    -0.19927
       217     0.65645    -0.20528
       218     0.66197    -0.21137
       219     0.66747    -0.21755
       220     0.67294    -0.22379
       221     0.67838    -0.23011
       222     0.68379    -0.23650
       223     0.68916    -0.24291
       224     0.69449    -0.24942
       225     0.69979    -0.25598
       226     0.70506    -0.26260
       227     0.71028    -0.26927
       228     0.71547    -0.27599
       229     0.72062    -0.28275
       230     0.72573    -0.28951
       231     0.73080    -0.29635
       232     0.73582    -0.30321
       233     0.74080    -0.31011
       234     0.74574    -0.31703
       235     0.75064    -0.32397
       236     0.75549    -0.33093
       237     0.76030    -0.33791
       238     0.76507    -0.34487
       239     0.76979    -0.35188
       240     0.77446    -0.35888
       241     0.77909    -0.36589
       242     0.78368    -0.37291
       243     0.78821    -0.37992
       244     0.79271    -0.38692
       245     0.79715    -0.39392
       246     0.80154    -0.40090
       247     0.80589    -0.40784
       248     0.81018    -0.41479
       249     0.81443    -0.42171
       250     0.81862    -0.42860
       251     0.82277    -0.43547
       252     0.82686    -0.44231
       253     0.83090    -0.44910
       254     0.83489    -0.45587
       255     0.83883    -0.46259
       256     0.84272    -0.46926
       257     0.84656    -0.47589
       258     0.85034    -0.48245
       259     0.85408    -0.48897
       260     0.85775    -0.49544
       261     0.86138    -0.50184
       262     0.86495    -0.50819
       263     0.86847    -0.51447
       264     0.87194    -0.52069
       265     0.87535    -0.52684
       266     0.87871    -0.53291
       267     0.88202    -0.53891
       268     0.88527    -0.54484
       269     0.88846    -0.55069
       270     0.89160    -0.55646
       271     0.89469    -0.56214
       272     0.89772    -0.56774
       273     0.90070    -0.57325
       274     0.90362    -0.57868
       275     0.90648    -0.58402
       276     0.90929    -0.58927
       277     0.91204    -0.59442
       278     0.91474    -0.59948
       279     0.91737    -0.60444
       280     0.91996    -0.60931
       281     0.92248    -0.61407
       282     0.92495    -0.61874
       283     0.92736    -0.62330
       284     0.92971    -0.62776
       285     0.93201    -0.63211
       286     0.93424    -0.63637
       287     0.93642    -0.64051
       288     0.93854    -0.64455
       289     0.94060    -0.64847
       290     0.94260    -0.65229
       291     0.94455    -0.65600
       292     0.94643    -0.65960
       293     0.94825    -0.66308
       294     0.95002    -0.66646
       295     0.95172    -0.66972
       296     0.95337    -0.67286
       297     0.95495    -0.67589
       298     0.95647    -0.67881
       299     0.95794    -0.68161
       300     0.95934    -0.68430
       301     0.96068    -0.68687
       302     0.96196    -0.68932
       303     0.96318    -0.69165
       304     0.96436    -0.69385
       305     0.96554    -0.69592
       306     0.96668    -0.69785
       307     0.96779    -0.69965
       308     0.96887    -0.70133
       309     0.96990    -0.70287
       310     0.97088    -0.70429
       311     0.97181    -0.70559
       312     0.97268    -0.70676
       313     0.97351    -0.70781
       314     0.97427    -0.70874
       315     0.97498    -0.70954
       316     0.97563    -0.71022
       317     0.97622    -0.71078
       318     0.97676    -0.71121
       319     0.97724    -0.71153
       320     0.97766    -0.71172
       321     0.97803    -0.71178
       322     0.97820    -0.71178
       323     0.97849    -0.71166
       324     0.97860    -0.71154
       325     0.97881    -0.71123
       326     0.97896    -0.71080
       327     0.97906    -0.71024
       328     0.97911    -0.70956
  POINTS ON THE BLADE TO BE USED FOR PLOTTING 
  AND FINAL INTERPOLATION 
  N           X          YUP        YLOW        THICK 
    1      0.0000      0.0268      0.0268      0.0000
    2      0.0000      0.0295      0.0260      0.0035
    3      0.0001      0.0308      0.0236      0.0072
    4      0.0002      0.0326      0.0207      0.0119
    5      0.0004      0.0345      0.0174      0.0171
    6      0.0007      0.0364      0.0141      0.0223
    7      0.0010      0.0384      0.0110      0.0275
    8      0.0014      0.0405      0.0080      0.0325
    9      0.0018      0.0427      0.0053      0.0373
   10      0.0022      0.0448      0.0029      0.0419
   11      0.0028      0.0470      0.0008      0.0462
   12      0.0033      0.0492     -0.0011      0.0503
   13      0.0040      0.0514     -0.0027      0.0541
   14      0.0047      0.0536     -0.0042      0.0577
   15      0.0054      0.0558     -0.0054      0.0612
   16      0.0062      0.0580     -0.0066      0.0645
   17      0.0070      0.0602     -0.0076      0.0677
   18      0.0080      0.0623     -0.0085      0.0708
   19      0.0089      0.0645     -0.0093      0.0738
   20      0.0099      0.0667     -0.0100      0.0767
   21      0.0110      0.0688     -0.0108      0.0796
   22      0.0121      0.0710     -0.0114      0.0824
   23      0.0133      0.0732     -0.0121      0.0852
   24      0.0145      0.0753     -0.0127      0.0880
   25      0.0158      0.0775     -0.0132      0.0907
   26      0.0172      0.0797     -0.0138      0.0935
   27      0.0185      0.0820     -0.0143      0.0963
   28      0.0200      0.0842     -0.0149      0.0991
   29      0.0215      0.0865     -0.0154      0.1019
   30      0.0230      0.0889     -0.0159      0.1048
   31      0.0246      0.0913     -0.0164      0.1077
   32      0.0263      0.0938     -0.0168      0.1106
   33      0.0280      0.0963     -0.0173      0.1136
   34      0.0298      0.0989     -0.0178      0.1167
   35      0.0316      0.1015     -0.0182      0.1197
   36      0.0334      0.1041     -0.0187      0.1228
   37      0.0353      0.1068     -0.0191      0.1259
   38      0.0373      0.1095     -0.0196      0.1291
   39      0.0393      0.1123     -0.0200      0.1323
   40      0.0414      0.1150     -0.0205      0.1355
   41      0.0435      0.1179     -0.0209      0.1387
   42      0.0457      0.1207     -0.0213      0.1420
   43      0.0479      0.1236     -0.0217      0.1452
   44      0.0502      0.1265     -0.0220      0.1485
   45      0.0525      0.1294     -0.0224      0.1518
   46      0.0549      0.1323     -0.0227      0.1550
   47      0.0573      0.1353     -0.0229      0.1582
   48      0.0597      0.1383     -0.0232      0.1615
   49      0.0623      0.1413     -0.0234      0.1646
   50      0.0648      0.1443     -0.0235      0.1678
   51      0.0674      0.1474     -0.0236      0.1710
   52      0.0701      0.1504     -0.0236      0.1740
   53      0.0728      0.1534     -0.0236      0.1771
   54      0.0755      0.1565     -0.0236      0.1801
   55      0.0783      0.1595     -0.0235      0.1830
   56      0.0812      0.1626     -0.0233      0.1859
   57      0.0841      0.1657     -0.0230      0.1887
   58      0.0870      0.1687     -0.0228      0.1915
   59      0.0900      0.1718     -0.0224      0.1942
   60      0.0930      0.1748     -0.0221      0.1969
   61      0.0961      0.1779     -0.0217      0.1996
   62      0.0992      0.1809     -0.0214      0.2023
   63      0.1024      0.1840     -0.0210      0.2050
   64      0.1056      0.1870     -0.0207      0.2077
   65      0.1089      0.1900     -0.0203      0.2103
   66      0.1121      0.1930     -0.0199      0.2129
   67      0.1155      0.1959     -0.0195      0.2155
   68      0.1189      0.1989     -0.0192      0.2181
   69      0.1223      0.2018     -0.0188      0.2206
   70      0.1257      0.2047     -0.0184      0.2232
   71      0.1292      0.2076     -0.0180      0.2257
   72      0.1328      0.2105     -0.0177      0.2281
   73      0.1364      0.2133     -0.0173      0.2306
   74      0.1400      0.2161     -0.0170      0.2330
   75      0.1437      0.2188     -0.0166      0.2354
   76      0.1474      0.2216     -0.0163      0.2378
   77      0.1511      0.2242     -0.0159      0.2402
   78      0.1549      0.2269     -0.0156      0.2425
   79      0.1587      0.2295     -0.0153      0.2448
   80      0.1626      0.2320     -0.0150      0.2470
   81      0.1665      0.2346     -0.0147      0.2493
   82      0.1704      0.2370     -0.0144      0.2515
   83      0.1744      0.2395     -0.0142      0.2536
   84      0.1784      0.2418     -0.0139      0.2557
   85      0.1824      0.2441     -0.0137      0.2578
   86      0.1865      0.2464     -0.0135      0.2599
   87      0.1906      0.2486     -0.0133      0.2619
   88      0.1948      0.2508     -0.0131      0.2639
   89      0.1989      0.2529     -0.0129      0.2658
   90      0.2031      0.2549     -0.0128      0.2677
   91      0.2074      0.2569     -0.0127      0.2696
   92      0.2117      0.2589     -0.0126      0.2714
   93      0.2160      0.2607     -0.0125      0.2732
   94      0.2203      0.2625     -0.0124      0.2749
   95      0.2247      0.2643     -0.0124      0.2767
   96      0.2291      0.2659     -0.0124      0.2783
   97      0.2335      0.2675     -0.0124      0.2799
   98      0.2380      0.2690     -0.0125      0.2815
   99      0.2425      0.2705     -0.0126      0.2831
  100      0.2470      0.2719     -0.0127      0.2845
  101      0.2515      0.2732     -0.0128      0.2860
  102      0.2561      0.2744     -0.0130      0.2874
  103      0.2607      0.2756     -0.0132      0.2887
  104      0.2653      0.2766     -0.0134      0.2900
  105      0.2700      0.2776     -0.0137      0.2913
  106      0.2746      0.2786     -0.0140      0.2925
  107      0.2793      0.2794     -0.0143      0.2937
  108      0.2841      0.2801     -0.0146      0.2948
  109      0.2888      0.2808     -0.0150      0.2959
  110      0.2936      0.2814     -0.0155      0.2969
  111      0.2984      0.2819     -0.0159      0.2979
  112      0.3032      0.2824     -0.0165      0.2988
  113      0.3081      0.2827     -0.0170      0.2997
  114      0.3129      0.2829     -0.0176      0.3005
  115      0.3178      0.2831     -0.0182      0.3013
  116      0.3227      0.2832     -0.0189      0.3020
  117      0.3276      0.2832     -0.0196      0.3028
  118      0.3326      0.2831     -0.0203      0.3034
  119      0.3375      0.2829     -0.0211      0.3040
  120      0.3425      0.2826     -0.0219      0.3045
  121      0.3475      0.2822     -0.0228      0.3050
  122      0.3525      0.2817     -0.0237      0.3054
  123      0.3575      0.2812     -0.0246      0.3058
  124      0.3626      0.2805     -0.0257      0.3062
  125      0.3676      0.2798     -0.0267      0.3065
  126      0.3727      0.2789     -0.0278      0.3067
  127      0.3778      0.2779     -0.0289      0.3069
  128      0.3829      0.2769     -0.0301      0.3070
  129      0.3880      0.2757     -0.0314      0.3071
  130      0.3931      0.2745     -0.0327      0.3072
  131      0.3983      0.2732     -0.0340      0.3072
  132      0.4034      0.2717     -0.0354      0.3071
  133      0.4086      0.2701     -0.0369      0.3070
  134      0.4138      0.2684     -0.0384      0.3069
  135      0.4189      0.2667     -0.0400      0.3067
  136      0.4241      0.2648     -0.0416      0.3064
  137      0.4293      0.2628     -0.0433      0.3061
  138      0.4345      0.2607     -0.0451      0.3058
  139      0.4397      0.2584     -0.0469      0.3054
  140      0.4450      0.2561     -0.0488      0.3049
  141      0.4502      0.2536     -0.0508      0.3045
  142      0.4554      0.2511     -0.0528      0.3039
  143      0.4606      0.2484     -0.0549      0.3033
  144      0.4659      0.2456     -0.0571      0.3027
  145      0.4711      0.2427     -0.0594      0.3020
  146      0.4764      0.2396     -0.0617      0.3013
  147      0.4816      0.2365     -0.0641      0.3005
  148      0.4869      0.2332     -0.0665      0.2997
  149      0.4921      0.2298     -0.0691      0.2988
  150      0.4974      0.2263     -0.0717      0.2979
  151      0.5026      0.2226     -0.0744      0.2970
  152      0.5079      0.2189     -0.0771      0.2960
  153      0.5131      0.2149     -0.0800      0.2950
  154      0.5184      0.2109     -0.0829      0.2939
  155      0.5236      0.2068     -0.0860      0.2928
  156      0.5289      0.2025     -0.0891      0.2916
  157      0.5341      0.1981     -0.0923      0.2904
  158      0.5394      0.1936     -0.0956      0.2891
  159      0.5446      0.1889     -0.0989      0.2878
  160      0.5498      0.1841     -0.1024      0.2865
  161      0.5550      0.1791     -0.1060      0.2851
  162      0.5603      0.1741     -0.1096      0.2837
  163      0.5655      0.1689     -0.1133      0.2823
  164      0.5707      0.1636     -0.1171      0.2808
  165      0.5759      0.1582     -0.1210      0.2792
  166      0.5811      0.1526     -0.1250      0.2776
  167      0.5862      0.1470     -0.1290      0.2760
  168      0.5914      0.1411     -0.1332      0.2743
  169      0.5966      0.1352     -0.1374      0.2726
  170      0.6017      0.1292     -0.1418      0.2709
  171      0.6069      0.1230     -0.1462      0.2692
  172      0.6120      0.1167     -0.1507      0.2674
  173      0.6171      0.1103     -0.1552      0.2655
  174      0.6222      0.1038     -0.1599      0.2636
  175      0.6273      0.0971     -0.1646      0.2617
  176      0.6324      0.0904     -0.1694      0.2598
  177      0.6374      0.0835     -0.1742      0.2578
  178      0.6425      0.0766     -0.1792      0.2558
  179      0.6475      0.0695     -0.1842      0.2537
  180      0.6525      0.0623     -0.1893      0.2517
  181      0.6575      0.0551     -0.1945      0.2496
  182      0.6625      0.0477     -0.1997      0.2474
  183      0.6674      0.0402     -0.2050      0.2453
  184      0.6724      0.0326     -0.2104      0.2430
  185      0.6773      0.0250     -0.2158      0.2408
  186      0.6822      0.0172     -0.2213      0.2386
  187      0.6871      0.0094     -0.2269      0.2363
  188      0.6919      0.0015     -0.2325      0.2340
  189      0.6968     -0.0065     -0.2382      0.2317
  190      0.7016     -0.0146     -0.2439      0.2294
  191      0.7064     -0.0227     -0.2497      0.2270
  192      0.7112     -0.0309     -0.2556      0.2246
  193      0.7159     -0.0392     -0.2614      0.2222
  194      0.7207     -0.0476     -0.2674      0.2198
  195      0.7254     -0.0561     -0.2734      0.2173
  196      0.7300     -0.0646     -0.2794      0.2148
  197      0.7347     -0.0731     -0.2855      0.2124
  198      0.7393     -0.0818     -0.2916      0.2099
  199      0.7439     -0.0904     -0.2978      0.2073
  200      0.7485     -0.0991     -0.3040      0.2048
  201      0.7530     -0.1079     -0.3102      0.2023
  202      0.7575     -0.1167     -0.3164      0.1997
  203      0.7620     -0.1256     -0.3227      0.1971
  204      0.7665     -0.1345     -0.3290      0.1946
  205      0.7709     -0.1435     -0.3354      0.1919
  206      0.7753     -0.1524     -0.3418      0.1893
  207      0.7797     -0.1614     -0.3481      0.1867
  208      0.7840     -0.1704     -0.3545      0.1841
  209      0.7883     -0.1795     -0.3609      0.1814
  210      0.7926     -0.1885     -0.3673      0.1788
  211      0.7969     -0.1976     -0.3738      0.1762
  212      0.8011     -0.2067     -0.3802      0.1735
  213      0.8052     -0.2158     -0.3867      0.1709
  214      0.8094     -0.2249     -0.3931      0.1682
  215      0.8135     -0.2340     -0.3996      0.1655
  216      0.8176     -0.2432     -0.4061      0.1629
  217      0.8216     -0.2523     -0.4125      0.1602
  218      0.8256     -0.2614     -0.4189      0.1576
  219      0.8296     -0.2705     -0.4254      0.1549
  220      0.8335     -0.2795     -0.4318      0.1523
  221      0.8374     -0.2886     -0.4382      0.1496
  222      0.8413     -0.2976     -0.4446      0.1470
  223      0.8451     -0.3067     -0.4510      0.1444
  224      0.8489     -0.3156     -0.4574      0.1417
  225      0.8526     -0.3246     -0.4637      0.1391
  226      0.8563     -0.3336     -0.4700      0.1365
  227      0.8600     -0.3424     -0.4763      0.1339
  228      0.8636     -0.3513     -0.4826      0.1313
  229      0.8672     -0.3601     -0.4888      0.1287
  230      0.8708     -0.3688     -0.4949      0.1261
  231      0.8743     -0.3775     -0.5011      0.1235
  232      0.8777     -0.3862     -0.5072      0.1210
  233      0.8811     -0.3948     -0.5132      0.1185
  234      0.8845     -0.4033     -0.5192      0.1160
  235      0.8879     -0.4117     -0.5252      0.1135
  236      0.8911     -0.4201     -0.5311      0.1110
  237      0.8944     -0.4285     -0.5370      0.1085
  238      0.8976     -0.4367     -0.5428      0.1061
  239      0.9008     -0.4449     -0.5485      0.1036
  240      0.9039     -0.4530     -0.5542      0.1012
  241      0.9070     -0.4610     -0.5598      0.0989
  242      0.9100     -0.4689     -0.5654      0.0965
  243      0.9130     -0.4767     -0.5709      0.0942
  244      0.9159     -0.4845     -0.5763      0.0918
  245      0.9188     -0.4921     -0.5817      0.0896
  246      0.9217     -0.4996     -0.5869      0.0873
  247      0.9245     -0.5071     -0.5921      0.0851
  248      0.9272     -0.5144     -0.5973      0.0829
  249      0.9299     -0.5217     -0.6023      0.0807
  250      0.9326     -0.5288     -0.6073      0.0785
  251      0.9352     -0.5358     -0.6122      0.0764
  252      0.9377     -0.5427     -0.6171      0.0743
  253      0.9403     -0.5495     -0.6218      0.0723
  254      0.9427     -0.5562     -0.6264      0.0702
  255      0.9451     -0.5628     -0.6310      0.0682
  256      0.9475     -0.5692     -0.6355      0.0663
  257      0.9498     -0.5755     -0.6399      0.0644
  258      0.9521     -0.5817     -0.6442      0.0625
  259      0.9543     -0.5878     -0.6484      0.0606
  260      0.9565     -0.5937     -0.6525      0.0588
  261      0.9586     -0.5996     -0.6566      0.0570
  262      0.9607     -0.6053     -0.6605      0.0553
  263      0.9627     -0.6108     -0.6644      0.0536
  264      0.9647     -0.6162     -0.6681      0.0519
  265      0.9666     -0.6215     -0.6718      0.0503
  266      0.9684     -0.6267     -0.6753      0.0487
  267      0.9702     -0.6317     -0.6788      0.0471
  268      0.9720     -0.6366     -0.6822      0.0456
  269      0.9737     -0.6413     -0.6854      0.0441
  270      0.9754     -0.6459     -0.6886      0.0427
  271      0.9770     -0.6503     -0.6917      0.0413
  272      0.9785     -0.6546     -0.6946      0.0400
  273      0.9800     -0.6588     -0.6975      0.0387
  274      0.9815     -0.6628     -0.7003      0.0374
  275      0.9828     -0.6667     -0.7029      0.0362
  276      0.9842     -0.6704     -0.7055      0.0350
  277      0.9855     -0.6740     -0.7078      0.0338
  278      0.9867     -0.6775     -0.7099      0.0325
  279      0.9879     -0.6807     -0.7119      0.0311
  280      0.9890     -0.6839     -0.7137      0.0298
  281      0.9901     -0.6869     -0.7153      0.0284
  282      0.9911     -0.6897     -0.7168      0.0271
  283      0.9920     -0.6924     -0.7182      0.0258
  284      0.9930     -0.6949     -0.7194      0.0245
  285      0.9938     -0.6973     -0.7205      0.0232
  286      0.9946     -0.6995     -0.7215      0.0220
  287      0.9953     -0.7017     -0.7224      0.0207
  288      0.9960     -0.7038     -0.7232      0.0194
  289      0.9967     -0.7059     -0.7238      0.0179
  290      0.9972     -0.7079     -0.7243      0.0164
  291      0.9978     -0.7098     -0.7247      0.0149
  292      0.9982     -0.7117     -0.7250      0.0133
  293      0.9986     -0.7135     -0.7252      0.0117
  294      0.9990     -0.7152     -0.7252      0.0101
  295      0.9993     -0.7167     -0.7251      0.0084
  296      0.9996     -0.7181     -0.7248      0.0067
  297      0.9998     -0.7195     -0.7245      0.0050
  298      0.9999     -0.7206     -0.7240      0.0033
  299      1.0000     -0.7217     -0.7233      0.0016
  300      1.0000     -0.7229     -0.7229      0.0000
 GRID EXPANSION RATIO UP=    1.17215 DOWN =    1.11561
  AXIAL,TANGENTIAL AND RADIAL COORDINATES ON THE STREAM
  SURFACE BEFORE TRANSFORMING TO R-THETA COORDINATES 
 J, XGRID,YGRID,RGRID            1   5.99999987E-02  -6.36581425E-03  0.607000053    
 J, XGRID,YGRID,RGRID            2   6.16179965E-02  -5.14560007E-03  0.607647240    
 J, XGRID,YGRID,RGRID            3   6.29983693E-02  -4.10459097E-03  0.608199298    
 J, XGRID,YGRID,RGRID            4   6.41760156E-02  -3.21646896E-03  0.608670294    
 J, XGRID,YGRID,RGRID            5   6.51807263E-02  -2.45877961E-03  0.609072268    
 J, XGRID,YGRID,RGRID            6   6.60378635E-02  -1.81236747E-03  0.609415114    
 J, XGRID,YGRID,RGRID            7   6.67691305E-02  -1.26088981E-03  0.609707713    
 J, XGRID,YGRID,RGRID            8   6.73929974E-02  -7.90404389E-04  0.609957159    
 J, XGRID,YGRID,RGRID            9   6.79252371E-02  -3.89016146E-04  0.610170066    
 J, XGRID,YGRID,RGRID           10   6.83793128E-02  -4.65773919E-05  0.610351682    
 J, XGRID,YGRID,RGRID           11   6.87666908E-02   2.45569507E-04  0.610506594    
 J, XGRID,YGRID,RGRID           12   6.90971985E-02   4.94810578E-04  0.610638857    
 J, XGRID,YGRID,RGRID           13   6.93791509E-02   7.07447121E-04  0.610751629    
 J, XGRID,YGRID,RGRID           14   6.96197078E-02   8.88855080E-04  0.610847950    
 J, XGRID,YGRID,RGRID           15   6.98249191E-02   1.04362075E-03  0.610930026    
 J, XGRID,YGRID,RGRID           16   7.00000003E-02   1.17565703E-03  0.611000001    
 J, XGRID,YGRID,RGRID           17   7.01733679E-02   2.67989538E-03  0.611076057    
 J, XGRID,YGRID,RGRID           18   7.03537464E-02   3.25226295E-03  0.611155212    
 J, XGRID,YGRID,RGRID           19   7.05510527E-02   3.72067816E-03  0.611241996    
 J, XGRID,YGRID,RGRID           20   7.07722828E-02   4.15512640E-03  0.611339271    
 J, XGRID,YGRID,RGRID           21   7.10215867E-02   4.59079258E-03  0.611449182    
 J, XGRID,YGRID,RGRID           22   7.12998658E-02   5.04957419E-03  0.611571789    
 J, XGRID,YGRID,RGRID           23   7.15976730E-02   5.51963132E-03  0.611703396    
 J, XGRID,YGRID,RGRID           24   7.19114169E-02   5.99430967E-03  0.611842155    
 J, XGRID,YGRID,RGRID           25   7.22381547E-02   6.46906253E-03  0.611986816    
 J, XGRID,YGRID,RGRID           26   7.25758150E-02   6.93969475E-03  0.612136483    
 J, XGRID,YGRID,RGRID           27   7.29236379E-02   7.40573043E-03  0.612291038    
 J, XGRID,YGRID,RGRID           28   7.32876956E-02   7.87565298E-03  0.612452865    
 J, XGRID,YGRID,RGRID           29   7.36685321E-02   8.34520627E-03  0.612622559    
 J, XGRID,YGRID,RGRID           30   7.40665123E-02   8.81568901E-03  0.612799942    
 J, XGRID,YGRID,RGRID           31   7.44820088E-02   9.28500015E-03  0.612985373    
 J, XGRID,YGRID,RGRID           32   7.49152452E-02   9.75321326E-03  0.613178968    
 J, XGRID,YGRID,RGRID           33   7.53663480E-02   1.02159185E-02  0.613380849    
 J, XGRID,YGRID,RGRID           34   7.58353919E-02   1.06715094E-02  0.613591015    
 J, XGRID,YGRID,RGRID           35   7.63223320E-02   1.11210700E-02  0.613809407    
 J, XGRID,YGRID,RGRID           36   7.68269822E-02   1.15570826E-02  0.614035904    
 J, XGRID,YGRID,RGRID           37   7.73487836E-02   1.19818123E-02  0.614270270    
 J, XGRID,YGRID,RGRID           38   7.78859630E-02   1.23878736E-02  0.614511728    
 J, XGRID,YGRID,RGRID           39   7.84380510E-02   1.27759743E-02  0.614760160    
 J, XGRID,YGRID,RGRID           40   7.90045559E-02   1.31412698E-02  0.615015030    
 J, XGRID,YGRID,RGRID           41   7.95850158E-02   1.34851942E-02  0.615276396    
 J, XGRID,YGRID,RGRID           42   8.01788718E-02   1.38023263E-02  0.615543604    
 J, XGRID,YGRID,RGRID           43   8.07856321E-02   1.40917897E-02  0.615816772    
 J, XGRID,YGRID,RGRID           44   8.14046860E-02   1.43538900E-02  0.616095364    
 J, XGRID,YGRID,RGRID           45   8.20354745E-02   1.45858806E-02  0.616379082    
 J, XGRID,YGRID,RGRID           46   8.26773793E-02   1.47852032E-02  0.616667569    
 J, XGRID,YGRID,RGRID           47   8.33297893E-02   1.49492919E-02  0.616960585    
 J, XGRID,YGRID,RGRID           48   8.39920044E-02   1.50793511E-02  0.617257476    
 J, XGRID,YGRID,RGRID           49   8.46634135E-02   1.51741467E-02  0.617558241    
 J, XGRID,YGRID,RGRID           50   8.53432491E-02   1.52320759E-02  0.617862046    
 J, XGRID,YGRID,RGRID           51   8.60308334E-02   1.52498353E-02  0.618168771    
 J, XGRID,YGRID,RGRID           52   8.67254511E-02   1.52303921E-02  0.618477821    
 J, XGRID,YGRID,RGRID           53   8.74263942E-02   1.51699595E-02  0.618789136    
 J, XGRID,YGRID,RGRID           54   8.81328434E-02   1.50702996E-02  0.619101882    
 J, XGRID,YGRID,RGRID           55   8.88440087E-02   1.49282981E-02  0.619415760    
 J, XGRID,YGRID,RGRID           56   8.95589963E-02   1.47449654E-02  0.619730115    
 J, XGRID,YGRID,RGRID           57   9.02769864E-02   1.45157380E-02  0.620044649    
 J, XGRID,YGRID,RGRID           58   9.09970328E-02   1.42435245E-02  0.620358825    
 J, XGRID,YGRID,RGRID           59   9.17182490E-02   1.39234662E-02  0.620672166    
 J, XGRID,YGRID,RGRID           60   9.24396664E-02   1.35592874E-02  0.620984137    
 J, XGRID,YGRID,RGRID           61   9.31602716E-02   1.31479250E-02  0.621294081    
 J, XGRID,YGRID,RGRID           62   9.38790888E-02   1.26888286E-02  0.621601880    
 J, XGRID,YGRID,RGRID           63   9.45950300E-02   1.21844560E-02  0.621906519    
 J, XGRID,YGRID,RGRID           64   9.53070819E-02   1.16324481E-02  0.622207880    
 J, XGRID,YGRID,RGRID           65   9.60141048E-02   1.10352784E-02  0.622505188    
 J, XGRID,YGRID,RGRID           66   9.67149734E-02   1.03919879E-02  0.622798145    
 J, XGRID,YGRID,RGRID           67   9.74062607E-02   9.70656890E-03  0.623085201    
 J, XGRID,YGRID,RGRID           68   9.80848819E-02   8.98721535E-03  0.623364985    
 J, XGRID,YGRID,RGRID           69   9.87501740E-02   8.23269133E-03  0.623637438    
 J, XGRID,YGRID,RGRID           70   9.94016230E-02   7.44776614E-03  0.623902321    
 J, XGRID,YGRID,RGRID           71  0.100038990       6.63598627E-03  0.624159813    
 J, XGRID,YGRID,RGRID           72  0.100661993       5.80059504E-03  0.624409437    
 J, XGRID,YGRID,RGRID           73  0.101270661       4.94470820E-03  0.624651611    
 J, XGRID,YGRID,RGRID           74  0.101865150       4.07097954E-03  0.624886334    
 J, XGRID,YGRID,RGRID           75  0.102445781       3.18170642E-03  0.625113904    
 J, XGRID,YGRID,RGRID           76  0.103012994       2.27896520E-03  0.625334620    
 J, XGRID,YGRID,RGRID           77  0.103569709       1.35681021E-03  0.625549376    
 J, XGRID,YGRID,RGRID           78  0.104118124       4.20347409E-04  0.625759423    
 J, XGRID,YGRID,RGRID           79  0.104658872      -5.34022402E-04  0.625965118    
 J, XGRID,YGRID,RGRID           80  0.105192393      -1.50541298E-03  0.626166224    
 J, XGRID,YGRID,RGRID           81  0.105719164      -2.49295449E-03  0.626363158    
 J, XGRID,YGRID,RGRID           82  0.106239580      -3.49921058E-03  0.626556218    
 J, XGRID,YGRID,RGRID           83  0.106753945      -4.51769214E-03  0.626745522    
 J, XGRID,YGRID,RGRID           84  0.107262485      -5.55139920E-03  0.626931071    
 J, XGRID,YGRID,RGRID           85  0.107765347      -6.59857970E-03  0.627112985    
 J, XGRID,YGRID,RGRID           86  0.108262643      -7.66010769E-03  0.627291262    
 J, XGRID,YGRID,RGRID           87  0.108753547      -8.73037335E-03  0.627465844    
 J, XGRID,YGRID,RGRID           88  0.109237663      -9.80827212E-03  0.627636433    
 J, XGRID,YGRID,RGRID           89  0.109715000      -1.08925197E-02  0.627802968    
 J, XGRID,YGRID,RGRID           90  0.110185593      -1.19832391E-02  0.627966046    
 J, XGRID,YGRID,RGRID           91  0.110649362      -1.30778477E-02  0.628125072    
 J, XGRID,YGRID,RGRID           92  0.111106321      -1.41754905E-02  0.628280342    
 J, XGRID,YGRID,RGRID           93  0.111556470      -1.52750565E-02  0.628432035    
 J, XGRID,YGRID,RGRID           94  0.111999795      -1.63752940E-02  0.628580093    
 J, XGRID,YGRID,RGRID           95  0.112436265      -1.74765177E-02  0.628724396    
 J, XGRID,YGRID,RGRID           96  0.112865843      -1.85747910E-02  0.628865063    
 J, XGRID,YGRID,RGRID           97  0.113288581      -1.96699332E-02  0.629002273    
 J, XGRID,YGRID,RGRID           98  0.113704376      -2.07607374E-02  0.629135907    
 J, XGRID,YGRID,RGRID           99  0.114113338      -2.18459927E-02  0.629266262    
 J, XGRID,YGRID,RGRID          100  0.114515334      -2.29254868E-02  0.629393101    
 J, XGRID,YGRID,RGRID          101  0.114910401      -2.39968244E-02  0.629516721    
 J, XGRID,YGRID,RGRID          102  0.115298554      -2.50589121E-02  0.629636884    
 J, XGRID,YGRID,RGRID          103  0.115679733      -2.61110142E-02  0.629753828    
 J, XGRID,YGRID,RGRID          104  0.116053961      -2.71521695E-02  0.629867554    
 J, XGRID,YGRID,RGRID          105  0.116421208      -2.81814691E-02  0.629978061    
 J, XGRID,YGRID,RGRID          106  0.116781503      -2.91984249E-02  0.630085528    
 J, XGRID,YGRID,RGRID          107  0.117134839      -3.02011296E-02  0.630189896    
 J, XGRID,YGRID,RGRID          108  0.117481180      -3.11892182E-02  0.630291462    
 J, XGRID,YGRID,RGRID          109  0.117820524      -3.21619771E-02  0.630389810    
 J, XGRID,YGRID,RGRID          110  0.118152864      -3.31186876E-02  0.630485296    
 J, XGRID,YGRID,RGRID          111  0.118478224      -3.40586752E-02  0.630577981    
 J, XGRID,YGRID,RGRID          112  0.118796587      -3.49812545E-02  0.630667865    
 J, XGRID,YGRID,RGRID          113  0.119107939      -3.58858965E-02  0.630754948    
 J, XGRID,YGRID,RGRID          114  0.119412310      -3.67720090E-02  0.630839229    
 J, XGRID,YGRID,RGRID          115  0.119709656      -3.76389064E-02  0.630920947    
 J, XGRID,YGRID,RGRID          116  0.120000020      -3.89323495E-02  0.630999982    
 J, XGRID,YGRID,RGRID          117  0.120295741      -3.96802314E-02  0.631060362    
 J, XGRID,YGRID,RGRID          118  0.120625772      -4.05153595E-02  0.631127357    
 J, XGRID,YGRID,RGRID          119  0.120994039      -4.14470322E-02  0.631201506    
 J, XGRID,YGRID,RGRID          120  0.121405058      -4.24864106E-02  0.631283939    
 J, XGRID,YGRID,RGRID          121  0.121863797      -4.36459444E-02  0.631375015    
 J, XGRID,YGRID,RGRID          122  0.122375786      -4.49395292E-02  0.631476045    
 J, XGRID,YGRID,RGRID          123  0.122947216      -4.63826582E-02  0.631587744    
 J, XGRID,YGRID,RGRID          124  0.123585068      -4.79926243E-02  0.631711066    
 J, XGRID,YGRID,RGRID          125  0.124297030      -4.97887097E-02  0.631847382    
 J, XGRID,YGRID,RGRID          126  0.125091806      -5.17924353E-02  0.631997705    
 J, XGRID,YGRID,RGRID          127  0.125978976      -5.40277958E-02  0.632163465    
 J, XGRID,YGRID,RGRID          128  0.126969367      -5.65215796E-02  0.632346272    
 J, XGRID,YGRID,RGRID          129  0.128075019      -5.93036599E-02  0.632547498    
 J, XGRID,YGRID,RGRID          130  0.129309356      -6.24073632E-02  0.632768989    
 J, XGRID,YGRID,RGRID          131  0.130687326      -6.58698753E-02  0.633012772    
 J, XGRID,YGRID,RGRID          132  0.132225648      -6.97326735E-02  0.633281231    
 J, XGRID,YGRID,RGRID          133  0.133942857      -7.40420222E-02  0.633576810    
 J, XGRID,YGRID,RGRID          134  0.135859624      -7.88495615E-02  0.633902967    
 J, XGRID,YGRID,RGRID          135  0.137998894      -8.42128843E-02  0.634263933    
 J, XGRID,YGRID,RGRID          136  0.140384629      -9.01962370E-02  0.634669185    
 J, XGRID,YGRID,RGRID          137  0.143038899      -9.68712941E-02  0.635147035    
 J, XGRID,YGRID,RGRID          138  0.146000013     -0.104318023      0.635680079    
 J, XGRID,YGRID,RGRID          139  0.149303392     -0.112625636      0.636274576    
 J, XGRID,YGRID,RGRID          140  0.152988687     -0.121893659      0.636937976    
 J, XGRID,YGRID,RGRID          141  0.157100037     -0.132233113      0.637678027    

  THE BLADE CENTROID ON THE X-Y SURFACE IS AT X, Y=    0.09269  -0.00001


  THE J VALUE OF THE CENTROID IS J =           61

  THE CENTROID ON THE STREAM SURFACE IS AT   9.26910564E-02   0.00000000    
  THE HUB SECTION CENTROID IS AT   9.25086811E-02   0.00000000    

  AXIAL & RADIAL COORDINATES ON THE SS AFTER STACKING 
  J  , XGRID,RGRID            1   5.99999987E-02  0.607000053    
  J  , XGRID,RGRID            2   6.16179965E-02  0.607647240    
  J  , XGRID,RGRID            3   6.29983693E-02  0.608199298    
  J  , XGRID,RGRID            4   6.41760156E-02  0.608670294    
  J  , XGRID,RGRID            5   6.51807263E-02  0.609072268    
  J  , XGRID,RGRID            6   6.60378635E-02  0.609415114    
  J  , XGRID,RGRID            7   6.67691305E-02  0.609707713    
  J  , XGRID,RGRID            8   6.73929974E-02  0.609957159    
  J  , XGRID,RGRID            9   6.79252371E-02  0.610170066    
  J  , XGRID,RGRID           10   6.83793128E-02  0.610351682    
  J  , XGRID,RGRID           11   6.87666908E-02  0.610506594    
  J  , XGRID,RGRID           12   6.90971985E-02  0.610638857    
  J  , XGRID,RGRID           13   6.93791509E-02  0.610751629    
  J  , XGRID,RGRID           14   6.96197078E-02  0.610847950    
  J  , XGRID,RGRID           15   6.98249191E-02  0.610930026    
  J  , XGRID,RGRID           16   7.00000003E-02  0.611000001    
  J  , XGRID,RGRID           17   7.01733679E-02  0.611076057    
  J  , XGRID,RGRID           18   7.03537464E-02  0.611155212    
  J  , XGRID,RGRID           19   7.05510527E-02  0.611241996    
  J  , XGRID,RGRID           20   7.07722828E-02  0.611339271    
  J  , XGRID,RGRID           21   7.10215867E-02  0.611449182    
  J  , XGRID,RGRID           22   7.12998658E-02  0.611571789    
  J  , XGRID,RGRID           23   7.15976730E-02  0.611703396    
  J  , XGRID,RGRID           24   7.19114169E-02  0.611842155    
  J  , XGRID,RGRID           25   7.22381547E-02  0.611986816    
  J  , XGRID,RGRID           26   7.25758150E-02  0.612136483    
  J  , XGRID,RGRID           27   7.29236379E-02  0.612291038    
  J  , XGRID,RGRID           28   7.32876956E-02  0.612452865    
  J  , XGRID,RGRID           29   7.36685321E-02  0.612622559    
  J  , XGRID,RGRID           30   7.40665123E-02  0.612799942    
  J  , XGRID,RGRID           31   7.44820088E-02  0.612985373    
  J  , XGRID,RGRID           32   7.49152452E-02  0.613178968    
  J  , XGRID,RGRID           33   7.53663480E-02  0.613380849    
  J  , XGRID,RGRID           34   7.58353919E-02  0.613591015    
  J  , XGRID,RGRID           35   7.63223320E-02  0.613809407    
  J  , XGRID,RGRID           36   7.68269822E-02  0.614035904    
  J  , XGRID,RGRID           37   7.73487836E-02  0.614270270    
  J  , XGRID,RGRID           38   7.78859630E-02  0.614511728    
  J  , XGRID,RGRID           39   7.84380510E-02  0.614760160    
  J  , XGRID,RGRID           40   7.90045559E-02  0.615015030    
  J  , XGRID,RGRID           41   7.95850158E-02  0.615276396    
  J  , XGRID,RGRID           42   8.01788718E-02  0.615543604    
  J  , XGRID,RGRID           43   8.07856321E-02  0.615816772    
  J  , XGRID,RGRID           44   8.14046860E-02  0.616095364    
  J  , XGRID,RGRID           45   8.20354745E-02  0.616379082    
  J  , XGRID,RGRID           46   8.26773793E-02  0.616667569    
  J  , XGRID,RGRID           47   8.33297893E-02  0.616960585    
  J  , XGRID,RGRID           48   8.39920044E-02  0.617257476    
  J  , XGRID,RGRID           49   8.46634135E-02  0.617558241    
  J  , XGRID,RGRID           50   8.53432491E-02  0.617862046    
  J  , XGRID,RGRID           51   8.60308334E-02  0.618168771    
  J  , XGRID,RGRID           52   8.67254511E-02  0.618477821    
  J  , XGRID,RGRID           53   8.74263942E-02  0.618789136    
  J  , XGRID,RGRID           54   8.81328434E-02  0.619101882    
  J  , XGRID,RGRID           55   8.88440087E-02  0.619415760    
  J  , XGRID,RGRID           56   8.95589963E-02  0.619730115    
  J  , XGRID,RGRID           57   9.02769864E-02  0.620044649    
  J  , XGRID,RGRID           58   9.09970328E-02  0.620358825    
  J  , XGRID,RGRID           59   9.17182490E-02  0.620672166    
  J  , XGRID,RGRID           60   9.24396664E-02  0.620984137    
  J  , XGRID,RGRID           61   9.31602716E-02  0.621294081    
  J  , XGRID,RGRID           62   9.38790888E-02  0.621601880    
  J  , XGRID,RGRID           63   9.45950300E-02  0.621906519    
  J  , XGRID,RGRID           64   9.53070819E-02  0.622207880    
  J  , XGRID,RGRID           65   9.60141048E-02  0.622505188    
  J  , XGRID,RGRID           66   9.67149734E-02  0.622798145    
  J  , XGRID,RGRID           67   9.74062607E-02  0.623085201    
  J  , XGRID,RGRID           68   9.80848819E-02  0.623364985    
  J  , XGRID,RGRID           69   9.87501740E-02  0.623637438    
  J  , XGRID,RGRID           70   9.94016230E-02  0.623902321    
  J  , XGRID,RGRID           71  0.100038990      0.624159813    
  J  , XGRID,RGRID           72  0.100661993      0.624409437    
  J  , XGRID,RGRID           73  0.101270661      0.624651611    
  J  , XGRID,RGRID           74  0.101865150      0.624886334    
  J  , XGRID,RGRID           75  0.102445781      0.625113904    
  J  , XGRID,RGRID           76  0.103012994      0.625334620    
  J  , XGRID,RGRID           77  0.103569709      0.625549376    
  J  , XGRID,RGRID           78  0.104118124      0.625759423    
  J  , XGRID,RGRID           79  0.104658872      0.625965118    
  J  , XGRID,RGRID           80  0.105192393      0.626166224    
  J  , XGRID,RGRID           81  0.105719164      0.626363158    
  J  , XGRID,RGRID           82  0.106239580      0.626556218    
  J  , XGRID,RGRID           83  0.106753945      0.626745522    
  J  , XGRID,RGRID           84  0.107262485      0.626931071    
  J  , XGRID,RGRID           85  0.107765347      0.627112985    
  J  , XGRID,RGRID           86  0.108262643      0.627291262    
  J  , XGRID,RGRID           87  0.108753547      0.627465844    
  J  , XGRID,RGRID           88  0.109237663      0.627636433    
  J  , XGRID,RGRID           89  0.109715000      0.627802968    
  J  , XGRID,RGRID           90  0.110185593      0.627966046    
  J  , XGRID,RGRID           91  0.110649362      0.628125072    
  J  , XGRID,RGRID           92  0.111106321      0.628280342    
  J  , XGRID,RGRID           93  0.111556470      0.628432035    
  J  , XGRID,RGRID           94  0.111999795      0.628580093    
  J  , XGRID,RGRID           95  0.112436265      0.628724396    
  J  , XGRID,RGRID           96  0.112865843      0.628865063    
  J  , XGRID,RGRID           97  0.113288581      0.629002273    
  J  , XGRID,RGRID           98  0.113704376      0.629135907    
  J  , XGRID,RGRID           99  0.114113338      0.629266262    
  J  , XGRID,RGRID          100  0.114515334      0.629393101    
  J  , XGRID,RGRID          101  0.114910401      0.629516721    
  J  , XGRID,RGRID          102  0.115298554      0.629636884    
  J  , XGRID,RGRID          103  0.115679733      0.629753828    
  J  , XGRID,RGRID          104  0.116053961      0.629867554    
  J  , XGRID,RGRID          105  0.116421208      0.629978061    
  J  , XGRID,RGRID          106  0.116781503      0.630085528    
  J  , XGRID,RGRID          107  0.117134839      0.630189896    
  J  , XGRID,RGRID          108  0.117481180      0.630291462    
  J  , XGRID,RGRID          109  0.117820524      0.630389810    
  J  , XGRID,RGRID          110  0.118152864      0.630485296    
  J  , XGRID,RGRID          111  0.118478224      0.630577981    
  J  , XGRID,RGRID          112  0.118796587      0.630667865    
  J  , XGRID,RGRID          113  0.119107939      0.630754948    
  J  , XGRID,RGRID          114  0.119412310      0.630839229    
  J  , XGRID,RGRID          115  0.119709656      0.630920947    
  J  , XGRID,RGRID          116  0.120000020      0.630999982    
  J  , XGRID,RGRID          117  0.120295741      0.631060362    
  J  , XGRID,RGRID          118  0.120625772      0.631127357    
  J  , XGRID,RGRID          119  0.120994039      0.631201506    
  J  , XGRID,RGRID          120  0.121405058      0.631283939    
  J  , XGRID,RGRID          121  0.121863797      0.631375015    
  J  , XGRID,RGRID          122  0.122375786      0.631476045    
  J  , XGRID,RGRID          123  0.122947216      0.631587744    
  J  , XGRID,RGRID          124  0.123585068      0.631711066    
  J  , XGRID,RGRID          125  0.124297030      0.631847382    
  J  , XGRID,RGRID          126  0.125091806      0.631997705    
  J  , XGRID,RGRID          127  0.125978976      0.632163465    
  J  , XGRID,RGRID          128  0.126969367      0.632346272    
  J  , XGRID,RGRID          129  0.128075019      0.632547498    
  J  , XGRID,RGRID          130  0.129309356      0.632768989    
  J  , XGRID,RGRID          131  0.130687326      0.633012772    
  J  , XGRID,RGRID          132  0.132225648      0.633281231    
  J  , XGRID,RGRID          133  0.133942857      0.633576810    
  J  , XGRID,RGRID          134  0.135859624      0.633902967    
  J  , XGRID,RGRID          135  0.137998894      0.634263933    
  J  , XGRID,RGRID          136  0.140384629      0.634669185    
  J  , XGRID,RGRID          137  0.143038899      0.635147035    
  J  , XGRID,RGRID          138  0.146000013      0.635680079    
  J  , XGRID,RGRID          139  0.149303392      0.636274576    
  J  , XGRID,RGRID          140  0.152988687      0.636937976    
  J  , XGRID,RGRID          141  0.157100037      0.637678027    
